Date Entered,Student ID,Tutor First Name,Tutor Last Name,Tutor ID,Form,English,Math,Reading,Writing,Composite,Extended
11/08/2018,2490,,,,74F,22,19,20,,21,0
11/11/2018,3471,Erin,Webb,4,74C,26,23,23,,24,0
11/12/2018,3706,Proctoring,at ODE,144,74F,22,17,20,,20,0
11/12/2018,3388,,,,74C,19,23,14,,19,0
11/14/2018,3502,Proctoring,at ODE,144,74F,24,25,26,,25,1
11/14/2018,3136,,,,74F,22,26,25,,23,0
11/14/2018,3692,Proctoring,at ODE,144,74F,22,24,18,,21,1
11/19/2018,3351,,,,74F,22,25,24,,24,0
11/20/2018,3721,,,,74F,23,23,22,,23,0
11/14/2018,3608,,,,74F,31,31,35,,32,1
09/05/2019,4202,,,,74F,11,15,10,,13,1
11/12/2018,2495,Proctoring,at ODE,144,74F,16,19,24,,19,1
11/14/2018,3685,Proctoring,at ODE,144,74F,23,26,30,,25,0
11/14/2018,3684,Proctoring,at ODE,144,74F,24,22,24,,23,0
11/14/2018,3082,Proctoring,at ODE,144,74F,24,28,22,,24,0
11/19/2018,3715,,,,74F,31,28,34,,30,0
02/25/2019,3778,Alec,Poitzsch,108,February ACT,36,35,35,,35,0
02/25/2019,3586,Tom,Opp,146,December ACT,36,30,33,,34,0
02/25/2019,3565,Tom,Opp,146,February ACT,29,29,34,,31,0
02/25/2019,2601,Travis,Minor,12,February ACT,22,23,33,,25,0
02/25/2019,3419,Travis,Minor,12,February ACT,31,32,31,,30,0
02/25/2019,3623,Tom,Opp,146,February ACT,33,28,33,,31,0
02/25/2019,3136,Travis,Minor,12,February ACT,22,18,23,,22,0
11/12/2018,3630,,,,74F,16,18,15,,17,0
11/14/2018,3626,,,,74F,24,24,29,,25,0
11/19/2018,3720,,,,74F,17,19,22,,20,0
11/25/2018,3138,Travis,Minor,12,October ACT,32,24,24,,26,0
11/26/2018,3693,Proctoring,at ODE,144,74H,31,31,25,,30,0
11/26/2018,2769,,,,71G,33,33,28,,32,0
11/14/2018,3727,,,,74F,24,23,29,,25,0
11/26/2018,3334,Proctoring,at ODE,144,74C,34,33,36,,35,0
11/26/2018,3682,Proctoring,at ODE,144,74C,25,30,22,,26,0
11/26/2018,3471,Proctoring,at ODE,144,A10,26,27,22,,25,0
11/26/2018,3694,,,,74F,23,26,20,,23,0
02/25/2019,3449,Leann,Westin,106,February ACT,35,29,33,,31,0
02/25/2019,3518,Leann,Westin,106,February ACT,36,33,35,,34,0
02/25/2019,3771,Mike,Urban,138,February ACT,35,35,36,,35,0
02/25/2019,1727,Mike,Urban,138,February ACT,33,28,35,,31,0
02/25/2019,3715,Matt,McNicholas,10,February ACT,36,28,36,,34,0
02/25/2019,3957,,,,Summit Diag (Unknown),26,28,32,,27,0
05/27/2019,3876,Alec,Poitzsch,108,April ACT,35,34,22,,32,0
05/27/2019,3917,Alec,Poitzsch,108,April ACT,35,34,30,,32,0
11/26/2018,3343,Proctoring,at ODE,144,74C,34,36,31,,33,0
11/26/2018,3523,,,,74F,13,18,17,,18,0
02/25/2019,3511,Leann,Westin,106,February ACT,27,23,31,,27,0
02/25/2019,3732,Matt,McNicholas,10,February ACT,29,29,31,,30,0
04/24/2019,4141,,,,74F,26,27,32,,29,0
04/28/2019,3637,Leann,Westin,106,April ACT,29,24,30,,27,1
04/28/2019,3833,Leann,Westin,106,April ACT,23,21,19,,21,0
04/28/2019,3830,Don,Lippincott,130,April ACT,23,19,22,,24,1
04/28/2019,4166,Proctoring,at ODE,144,74F,8,17,11,,13,0
04/28/2019,4161,Proctoring,at ODE,144,74F,33,27,32,,30,0
11/26/2018,3723,,,,74F,26,26,20,,24,0
02/25/2019,3730,Matt,McNicholas,10,February ACT,34,31,35,,34,0
02/25/2019,2647,Travis,Minor,12,February ACT,36,31,36,,34,0
02/26/2019,3964,Proctoring,at ODE,144,74F,22,22,25,,23,0
02/26/2019,3967,Proctoring,at ODE,144,74F,31,29,32,,31,0
02/26/2019,3937,Proctoring,at ODE,144,74F,21,24,26,,24,0
12/03/2018,3693,Proctoring,at ODE,144,74C,28,29,29,,29,0
12/03/2018,3756,Proctoring,at ODE,144,74F,16,17,17,,16,0
12/03/2018,3398,Proctoring,at ODE,144,71G,33,28,29,,31,0
12/03/2018,3617,Proctoring,at ODE,144,74F,22,23,20,,22,0
12/03/2018,3753,Proctoring,at ODE,144,74F,31,35,28,,31,0
12/03/2018,3110,Proctoring,at ODE,144,74F,25,26,34,,28,1
12/03/2018,3749,Proctoring,at ODE,144,74F,25,24,24,,24,0
12/03/2018,3732,Proctoring,at ODE,144,74F,25,26,25,,25,0
12/03/2018,3319,Tom,Opp,146,September ACT,28,25,27,,28,0
12/04/2018,3264,Proctoring,at ODE,144,74F,21,18,24,,21,0
12/06/2018,3481,Alec,Poitzsch,108,October ACT,32,28,33,,29,0
12/10/2018,2096,Proctoring,at ODE,144,74C,24,27,20,,24,0
12/10/2018,3748,Proctoring,at ODE,144,74F,24,23,15,,21,0
12/10/2018,3747,Proctoring,at ODE,144,74F,35,34,35,,34,0
12/03/2018,3462,Proctoring,at ODE,144,74C,26,24,28,,27,1
12/03/2018,3501,Proctoring,at ODE,144,74F,23,24,17,,21,0
12/03/2018,1878,Proctoring,at ODE,144,74F,23,30,32,,28,0
12/03/2018,3541,Proctoring,at ODE,144,74F,15,20,14,,18,0
12/03/2018,3736,Proctoring,at ODE,144,74F,14,21,17,,19,0
12/03/2018,3280,Proctoring,at ODE,144,74F,27,21,32,,26,0
12/03/2018,3279,Proctoring,at ODE,144,74F,16,19,20,,19,1
12/03/2018,3513,Proctoring,at ODE,144,74F,26,27,30,,27,0
12/03/2018,3739,Proctoring,at ODE,144,74F,22,24,25,,23,0
12/03/2018,3758,Proctoring,at ODE,144,74F,13,16,20,,17,0
12/04/2018,3745,,,,74F,20,26,21,,23,0
12/07/2018,3771,,,,74F,29,27,25,,28,0
12/10/2018,3548,Proctoring,at ODE,144,74C,19,19,17,,19,0
02/26/2019,4029,Proctoring,at ODE,144,74F,25,26,24,,25,0
12/03/2018,3319,Tom,Opp,146,June ACT,27,22,25,,25,0
10/22/2017,2479,,,,72C,23,27,14,,22,1
10/22/2017,2826,,,,73C,21,18,23,,21,0
10/22/2017,3032,,,,72C,23,18,27,,23,0
10/22/2017,2880,,,,71G,35,33,33,,33,0
10/23/2017,2903,Don,Lippincott,130,74F,29,27,31,,30,0
10/23/2017,2934,Alec,Poitzsch,108,74H,34,24,32,,31,0
10/25/2017,3037,,,,73C,36,35,34,,35,1
10/25/2017,3033,,,,73C,20,15,21,,19,1
10/25/2017,3005,,,,73C,26,32,25,,28,1
10/25/2017,3027,,,,73C,24,26,26,,26,0
10/25/2017,3019,,,,73C,28,26,27,,26,0
10/25/2017,2975,,,,73C,28,27,27,,26,0
10/22/2017,2693,,,,72C,26,31,31,,28,0
10/31/2017,2995,,,,74c,21,17,23,,20,1
11/08/2017,2931,,,,72F,23,27,28,,27,0
11/08/2017,3011,,,,73C,22,24,14,,20,0
11/08/2017,2557,,,,73C,18,18,23,,20,0
11/08/2017,2982,,,,73C,16,25,17,,20,0
11/08/2017,3049,,,,73C,20,19,19,,17,0
11/08/2017,3034,,,,73C,26,29,26,,27,0
11/08/2017,3012,,,,73C,15,18,21,,19,0
11/08/2017,3038,,,,73C,20,25,24,,24,0
11/11/2017,2995,,,,72F,22,16,22,,18,1
11/11/2017,3036,,,,73C,16,23,18,,18,1
11/11/2017,3062,,,,73C,33,35,33,,34,0
11/11/2017,3057,,,,73C,33,30,23,,28,0
11/13/2017,2991,,,,73C,23,29,21,,25,0
11/13/2017,2864,,,,73E,32,32,28,,31,0
11/13/2017,2933,,,,73E,29,28,26,,28,0
11/13/2017,3065,,,,73C,17,22,19,,21,0
11/13/2017,3059,,,,73C,16,22,15,,18,0
11/13/2017,3063,,,,73C,25,27,26,,26,0
11/13/2017,3066,,,,73C,22,28,26,,25,0
11/14/2017,3015,,,,72C,20,20,12,,18,0
11/13/2017,2868,,,,73C,31,33,26,,29,0
11/15/2017,2846,Ellen,Neelands,114,October ACT,19,17,21,,19,0
11/15/2017,2815,Matt,McNicholas,10,October ACT,29,30,32,,31,0
11/15/2017,2391,Lisa,Paige,117,September ACT,27,28,33,,30,0
11/20/2017,2811,,,,73C,33,30,34,,31,0
11/20/2017,2704,Erin,Webb,4,October ACT,29,26,25,,27,0
11/20/2017,2950,Erin,Webb,4,ACT 74H,24,24,29,,26,1
11/20/2017,2924,,,,74C,34,29,33,,31,0
12/10/2018,3725,Proctoring,at ODE,144,74F,22,21,19,,21,0
12/10/2018,2990,Proctoring,at ODE,144,74F,26,24,33,,27,0
12/10/2018,3764,Proctoring,at ODE,144,74F,22,24,23,,23,0
12/10/2018,3755,Proctoring,at ODE,144,74F,26,25,25,,25,0
02/26/2019,3765,Proctoring,at ODE,144,74F,21,24,26,,24,0
02/26/2019,1569,,,,74F,16,15,15,,16,0
05/01/2019,1727,Mike,Urban,138,April ACT,32,28,34,,31,0
05/01/2019,3886,,,,October ACT,21,26,23,,24,0
05/01/2019,3961,Mike,Urban,138,April ACT,35,30,33,,33,0
05/01/2019,3110,Mike,Urban,138,February ACT,34,31,35,,33,1
05/01/2019,3547,Don,Lippincott,130,February ACT,34,31,33,,33,0
05/28/2019,4192,Proctoring,at ODE,144,74F,24,24,24,,25,1
05/28/2019,3449,Proctoring,at ODE,144,A11,35,27,32,,31,0
05/28/2019,4091,Proctoring,at ODE,144,74C,22,18,19,,19,1
05/28/2019,4141,Proctoring,at ODE,144,74C,26,34,26,,28,0
11/20/2017,3054,,,,73C,24,25,29,,26,0
11/20/2017,2480,Travis,Minor,12,October ACT,35,34,32,,33,0
11/20/2017,1394,Ellen,Neelands,114,September ACT,20,19,17,,19,1
11/20/2017,1394,Ellen,Neelands,114,June ACT,19,19,17,,19,1
11/20/2017,2855,Matt,McNicholas,10,October ACT,35,34,36,,35,0
11/20/2017,2952,Erin,Webb,4,October ACT,35,27,34,,33,0
11/20/2017,2781,Leann,Westin,106,October ACT,28,24,32,,27,0
11/26/2017,2862,,,,73G,32,25,32,,29,0
11/26/2017,2965,,,,73G,34,32,27,,31,0
11/26/2017,2953,,,,73G,27,29,27,,27,0
11/26/2017,2985,,,,74C,34,35,31,,33,0
11/26/2017,3019,,,,74H,27,25,28,,26,0
11/26/2017,2931,,,,74C,27,25,29,,27,0
11/27/2017,3068,,,,73C,29,35,32,,32,0
11/29/2017,2680,,,,72C,28,28,26,,27,0
11/30/2017,2604,,,,73C,24,30,30,,27,0
11/30/2017,2938,Alec,Poitzsch,108,October ACT,36,30,32,,32.5,0
11/30/2017,2880,Alec,Poitzsch,108,October ACT,36,34,36,,35,0
11/30/2017,2822,Matt,McNicholas,10,October ACT,34,26,33,,30,0
12/17/2018,3754,Proctoring,at ODE,144,74F,17,16,16,,17,0
12/03/2017,2299,,,,73C,26,23,28,,24,0
12/04/2017,3087,,,,73C,15,18,13,,14,0
12/04/2017,3086,,,,73C,28,31,28,,29,0
12/04/2017,2877,,,,73C,28,28,29,,28,0
12/03/2017,3071,,,,73C,28,25,32,,27,0
12/04/2017,3055,,,,73C,26,32,28,,29,0
12/10/2017,2839,Ellen,Neelands,114,October ACT,20,16,21,,19,1
12/13/2017,3102,,,,?,24,28,31,,29,0
12/17/2017,3097,,,,73C,24,20,30,,25,0
12/17/2018,2728,Proctoring,at ODE,144,74F,31,30,26,,29,0
12/17/2017,3100,,,,73C,27,24,27,,25,0
12/17/2017,3105,,,,73C,31,29,31,,30,0
12/17/2017,3094,,,,73C,20,26,22,,23,0
12/17/2017,3029,,,,73C,24,30,26,,28,0
12/18/2017,2983,,,,73C,32,30,30,,31,0
12/18/2017,3104,,,,73C,23,22,24,,24,0
12/18/2017,2869,,,,72F,23,23,29,,25,0
12/18/2017,3074,,,,73C,21,26,21,,22,0
12/17/2017,2935,,,,73C,21,21,24,,22,0
12/19/2017,2959,Matt,McNicholas,10,December ACT,36,35,36,,35,1
12/20/2017,2965,Don,Lippincott,130,December ACT,33,29,28,,30,0
12/20/2017,2862,Don,Lippincott,130,December ACT,30,26,25,,30,0
12/20/2017,2953,Don,Lippincott,130,December ACT,30,31,32,,31,0
12/20/2017,2643,Travis,Minor,12,December ACT,25,26,27,,26,0
12/28/2017,3116,,,,73C,27,29,31,,28,0
12/28/2017,3086,,,,73C,34,32,33,,33,0
12/28/2017,2827,,,,73C,19,18,19,,19,0
12/28/2017,3111,,,,73C,16,23,30,,23,0
12/28/2017,3107,,,,73C,25,26,31,,27,0
12/28/2017,2991,,,,72F,23,28,20,,24,0
12/17/2018,2831,Proctoring,at ODE,144,74F,25,29,29,,27,1
12/17/2018,3637,Proctoring,at ODE,144,74F,20,23,25,,24,1
02/26/2019,4028,Proctoring,at ODE,144,74F,29,26,20,,24,0
02/26/2019,3922,Proctoring,at ODE,144,74f,23,18,17,,20,0
02/26/2019,3984,Proctoring,at ODE,144,74F,29,26,32,,27,0
02/26/2019,3932,Proctoring,at ODE,144,74F,24,30,30,,29,1
05/01/2019,3957,Mike,Urban,138,April ACT,35,30,35,,32,0
05/01/2019,3886,Mike,Urban,138,April ACT,32,28,34,,30,0
05/01/2019,3759,Mike,Urban,138,April ACT,30,31,28,,31,0
05/01/2019,3674,Don,Lippincott,130,February ACT,29,25,24,,27,0
05/01/2019,3385,Tom,Opp,146,April ACT,35,26,31,,31,0
05/01/2019,3608,Tom,Opp,146,April ACT,33,34,36,,34,0
05/28/2019,3926,Proctoring,at ODE,144,A10,25,14,22,,20,1
05/28/2019,3548,Proctoring,at ODE,144,B05,18,22,14,,18,0
12/28/2017,3091,,,,73C,27,25,34,,28,0
01/03/2018,2821,,,,73C,27,27,25,,26,0
01/03/2018,3106,,,,73C,25,32,21,,26,0
01/03/2018,3078,,,,73C,34,35,33,,32,0
01/03/2018,3031,,,,73C,25,29,19,,24,0
01/03/2018,2858,,,,73C,27,32,23,,27,0
01/05/2018,2963,,,,74H,30,30,36,,32,1
12/04/2017,2875,,,,74H,32,28,35,,31,0
01/08/2018,3134,,,,73C,21,22,19,,22,0
01/08/2018,3114,,,,73C,23,18,26,,23,0
01/08/2018,3084,,,,73C,24,22,23,,23,0
01/08/2018,3128,,,,73C,26,32,23,,26,0
01/08/2018,2991,,,,72E,25,27,21,,25,0
01/08/2018,3093,,,,74H,29,26,31,,28,0
01/08/2018,3115,,,,73C,25,25,28,,26,0
01/10/2018,2839,Ellen,Neelands,114,December ACT,24,19,23,,22,1
01/10/2018,1681,Travis,Minor,12,December ACT,35,28,32,,31,0
12/17/2018,3772,Proctoring,at ODE,144,74F,31,26,28,,27,1
01/03/2018,2002,,,,73C,25,28,30,,29,0
01/05/2018,2954,,,,74H,27,21,31,,25,1
01/03/2018,3060,,,,73C,28,33,27,,29,0
01/16/2018,3151,,,,72C,20,28,23,,23,0
01/16/2018,3152,,,,72C,20,24,21,,22,0
01/16/2018,3166,,,,73C,24,28,28,,27,0
01/16/2018,3133,,,,73C,26,26,24,,26,0
01/16/2018,3127,,,,73C,27,25,27,,26,0
01/16/2018,2548,,,,73C,20,28,26,,24,0
01/16/2018,3109,,,,73C,23,25,22,,24,0
01/16/2018,3054,,,,74C,27,25,28,,26,0
01/16/2018,2835,,,,74H,23,31,24,,27,0
12/17/2017,3103,,,,73C,25,27,25,,26,0
01/17/2018,3026,,,,74C,25,28,31,,29,0
01/21/2018,2993,,,,A10,23,24,22,,24,0
01/21/2018,2970,,,,74H,34,27,33,,30,0
01/21/2018,2897,,,,74H,24,24,27,,24,0
01/16/2018,3085,,,,73C,33,31,34,,32,0
01/16/2018,3140,,,,73C,23,27,28,,27,0
01/21/2018,3032,,,,74H,28,22,24,,24,0
01/22/2018,3155,,,,73C,17,15,21,,18,0
01/22/2018,3112,,,,73C,16,17,21,,18,0
01/22/2018,3154,,,,73C,18,26,24,,23,0
01/22/2018,3170,,,,73C,26,18,27,,22,0
01/22/2018,3156,,,,73C,15,27,20,,21,0
01/22/2018,2987,,,,73C,24,20,20,,22,0
01/22/2018,3153,,,,73C,22,27,24,,24,0
01/23/2018,2636,Travis,Minor,12,December ACT,25,20,23,,23,1
01/23/2018,2479,Matt,McNicholas,10,December ACT,27,29,21,,27,0
01/23/2018,2938,Alec,Poitzsch,108,December,35,34,36,,34,0
01/16/2018,3075,,,,73C,29,22,34,,28,0
01/27/2018,2939,,,,74H,25,29,23,,26,0
01/27/2018,2811,,,,74C,35,28,34,,33,0
01/27/2018,3027,,,,74C,26,25,28,,26,0
01/28/2018,3052,,,,73C,26,27,34,,29,0
01/28/2018,3185,,,,73C,21,25,21,,23,0
01/28/2018,3177,,,,73C,11,17,22,,17,0
01/28/2018,3139,,,,73C,21,23,23,,22,0
01/29/2018,3019,,,,74F,32,25,29,,29,0
01/29/2018,2862,,,,73E,34,27,36,,33,0
01/29/2018,3106,,,,73E,26,30,21,,26,0
01/29/2018,2867,,,,74C,26,25,23,,25,0
01/29/2018,2980,,,,74H,21,15,16,,17,1
01/29/2018,3005,,,,74H,30,30,31,,31,1
01/31/2018,2434,,,,73C,25,21,22,,22,0
01/29/2018,2945,,,,74H,30,27,33,,30,0
01/29/2018,3147,,,,72F,31,32,26,,28,0
01/29/2018,3062,,,,74C,31,35,33,,33,0
01/29/2018,3013,,,,74C,29,34,32,,33,0
01/29/2018,3034,,,,74C,34,32,32,,33,0
01/29/2018,3102,,,,74F,29,31,30,,30,0
01/29/2018,2963,Leann,Westin,106,74C,31,29,35,,32,1
01/29/2018,3093,Leann,Westin,106,74C,32,29,33,,30,0
01/29/2018,3093,,,,72CPRE,30,26,29,,28,0
01/29/2018,2933,Erin,Webb,4,Dec ACT,34,28,30,,30,0
01/31/2018,2946,,,,73C,15,23,18,,20,0
01/31/2018,3131,,,,73C,28,28,35,,31,0
01/31/2018,3067,,,,73C,18,23,23,,22,0
02/05/2018,2905,,,,74F,29,29,28,,29,0
02/05/2018,2961,,,,72G,31,30,17,,26,0
02/05/2018,2858,,,,71H,24,31,19,,24,0
02/05/2018,2882,,,,74H,18,26,17,,20,0
02/05/2018,3057,,,,74H,35,31,31,,31,0
02/05/2018,2867,,,,A10,27,26,23,,25,0
02/05/2018,2875,,,,72E,28,29,32,,30,0
02/05/2018,3143,,,,73C,18,18,17,,18,1
02/05/2018,2951,,,,72C,15,20,20,,20,0
02/06/2018,2089,,,,73C,23,23,23,,23,0
02/06/2018,3158,,,,73C,17,22,17,,20,0
02/14/2018,3210,,,,74F,18,23,21,,21,0
02/12/2018,3073,,,,74F,23,25,23,,23,0
02/12/2018,2942,,,,74F,22,27,20,,24,0
02/12/2018,3186,,,,74F,21,28,29,,28,0
03/05/2019,4030,,,,74F,16,20,20,,18,0
03/05/2019,3782,Travis,Minor,12,February ACT,35,31,34,,34,0
03/05/2019,3441,Alec,Poitzsch,108,February ACT,35,36,35,,35,0
03/26/2018,3104,,,,72E,26,24,25,,26,0
05/01/2019,3883,Mike,Urban,138,April ACT,35,32,28,,31,0
05/01/2019,3635,Don,Lippincott,130,April ACT,30,27,25,,27,0
05/01/2019,3699,Tom,Opp,146,April ACT,34,25,28,,28,1
05/01/2019,3682,Tom,Opp,146,April ACT,29,35,32,,33,0
05/05/2019,3389,Erin,Webb,4,April ACT,26,26,21,,25,0
05/06/2019,3903,Proctoring,at ODE,144,74F,13,16,17,,15,1
05/06/2019,4181,Proctoring,at ODE,144,74F,21,21,22,,21,0
05/06/2019,3432,Travis,Minor,12,February ACT,28,27,23,,26,0
03/05/2019,3778,,,,Unknown,32,33,36,,34,0
03/05/2019,2863,Alec,Poitzsch,108,February ACT,36,33,36,,35,0
05/01/2019,2854,,,,July ACT,27,27,29,,29,0
05/01/2019,2854,Tom,Opp,146,April ACT,35,33,30,,31,0
05/01/2019,3875,Tom,Opp,146,April ACT,35,35,34,,34,0
05/06/2019,3719,Proctoring,at ODE,144,74C,31,29,33,,31,1
05/06/2019,3727,Ronna,Berman,139,April ACT,33,27,28,,29,0
05/06/2019,2831,Travis,Minor,12,April ACT,35,33,24,,30,1
03/05/2019,2831,,,,February ACT,25,31,33,,30,1
05/06/2019,3745,Travis,Minor,12,April ACT,29,32,28,,28,0
05/06/2019,3772,Erin,Webb,4,April ACT,35,30,34,,33,1
05/06/2019,3776,Travis,Minor,12,April ACT,26,24,21,,24,0
02/14/2018,2779,Leann,Westin,106,December ACT,31,26,28,,28,0
02/14/2018,3181,,,,74F,25,25,22,,24,0
02/18/2018,3196,,,,74F,25,20,28,,24,0
02/18/2018,3205,,,,74F,21,21,22,,22,0
02/18/2018,3184,,,,74F,19,24,20,,21,0
02/18/2018,3197,,,,74F,22,20,22,,22,0
02/18/2018,3215,,,,74F,24,28,23,,25,0
02/18/2018,2184,,,,74F,20,25,22,,23,0
02/18/2018,3216,,,,74F,24,27,25,,26,0
02/22/2018,3108,,,,72C,,,,,27,0
02/22/2018,2693,Travis,Minor,12,February ACT,35,32,36,,34,0
02/22/2018,2643,Travis,Minor,12,February ACT,28,26,28,,27,0
02/22/2018,3122,,,,74F,22,15,20,,19,0
02/22/2018,3013,Matt,McNicholas,10,February ACT,32,35,34,,33,0
02/22/2018,3054,Ronna,Berman,139,February ACT,32,26,24,,28,0
02/22/2018,3034,Matt,McNicholas,10,February ACT,35,33,28,,32,0
02/22/2018,3201,,,,74F,21,21,29,,23,1
02/22/2018,2811,Lisa,Paige,117,February ACT,36,32,34,,34,0
02/22/2018,3107,,,,72F,28,26,28,,27,0
12/23/2018,1417,Proctoring,at ODE,144,74F,25,14,14,,17,0
12/23/2018,3751,Proctoring,at ODE,144,74F,21,25,26,,25,0
03/05/2019,1878,Travis,Minor,12,February ACT,24,31,33,,31,0
03/05/2019,2728,,,,February ACT,33,28,24,,30,0
05/01/2019,2854,,,,December ACT,28,24,28,,28,0
05/06/2019,3432,Travis,Minor,12,April ACT,30,30,24,,27,0
05/06/2019,3745,Travis,Minor,12,February ACT,28,30,32,,31,0
02/22/2018,1533,Matt,McNicholas,10,February ACT,24,19,19,,21,0
02/22/2018,3224,,,,74F,28,33,35,,33,0
02/22/2018,2778,,,,74F,26,22,33,,26,0
02/22/2018,3161,,,,74F,12,18,14,,16,1
02/22/2018,2604,,,,74H,23,25,24,,24,0
12/23/2018,3545,Proctoring,at ODE,144,74F,27,24,24,,25,0
02/25/2018,3102,Mike,Urban,138,February ACT,32,33,30,,32,0
02/25/2018,2945,Leann,Westin,106,February ACT,35,28,34,,32,0
02/26/2018,3036,,,,74H,24,24,26,,25,1
02/25/2018,2954,Leann,Westin,106,February ACT,23,18,28,,26,1
02/26/2018,3117,,,,74F,19,21,22,,21,0
02/26/2018,2598,,,,74F,23,24,26,,24,0
02/26/2018,3208,,,,74F,24,26,25,,25,0
02/26/2018,3207,,,,74F,29,29,28,,29,0
02/26/2018,2376,,,,74F,22,20,22,,22,0
02/26/2018,2856,Travis,Minor,12,February ACT,35,34,36,,35,0
02/26/2018,3119,Travis,Minor,12,February ACT,35,27,23,,29,0
02/26/2018,2963,Leann,Westin,106,February ACT,35,28,34,,33,1
02/27/2018,3093,Leann,Westin,106,February ACT,32,30,28,,30,0
02/27/2018,3062,Lisa,Paige,117,February ACT,35,36,36,,36,0
03/02/2018,2983,Leann,Westin,106,February ACT,35,31,32,,33,0
03/02/2018,2982,Matt,McNicholas,10,February ACT,22,28,16,,23,0
03/02/2018,3128,Matt,McNicholas,10,February ACT,32,32,36,,33,0
03/02/2018,2835,Leann,Westin,106,February ACT,22,30,31,,28,0
03/02/2018,3032,Leann,Westin,106,February ACT,31,18,25,,24,0
12/23/2018,3733,Proctoring,at ODE,144,74F,22,16,26,,20,0
12/23/2018,3785,Proctoring,at ODE,144,74F,25,26,24,,26,0
03/05/2019,3502,Ellen,Neelands,114,February ACT,27,28,33,,31,0
03/07/2019,3389,Erin,Webb,4,Feb ACT,23,24,25,,24,0
03/11/2019,4057,Proctoring,at ODE,144,74F,21,21,20,,21,1
03/11/2019,3756,Proctoring,at ODE,144,74C,22,16,27,,19,1
03/12/2019,3498,Leann,Westin,106,February ACT,34,34,32,,32,0
03/12/2019,3789,Alec,Poitzsch,108,February ACT,36,27,34,,32,0
03/12/2019,3264,Don,Lippincott,130,February ACT,30,26,27,,27,0
03/12/2019,2961,Don,Lippincott,130,February ACT,34,36,34,,35,0
03/12/2019,3725,Don,Lippincott,130,February ACT,28,25,17,,23,0
03/13/2019,4068,,,,74F,25,23,30,,25,0
03/17/2019,4036,Proctoring,at ODE,144,74F,24,27,23,,26,0
12/23/2018,3782,Proctoring,at ODE,144,74F,32,31,28,,29,0
03/12/2019,3635,Don,Lippincott,130,February ACT,24,27,25,,26,0
03/12/2019,3692,Don,Lippincott,130,February ACT,23,22,19,,22,0
03/12/2019,2490,Don,Lippincott,130,February ACT,27,24,19,,24,0
03/17/2019,3958,Proctoring,at ODE,144,74F,23,29,30,,26,0
05/06/2019,2728,Travis,Minor,12,April ACT,35,34,34,,35,0
05/06/2019,3191,Don,Lippincott,130,April ACT,33,29,34,,35,1
03/26/2018,2002,,,,74C,34,28,34,,32,0
05/06/2019,4021,Travis,Minor,12,April ACT,36,33,34,,35,0
05/06/2019,3832,Travis,Minor,12,April ACT,34,33,36,,34,0
05/28/2019,4057,Proctoring,at ODE,144,74C,25,17,20,,21,1
05/28/2019,4031,Proctoring,at ODE,144,74C,18,22,18,,20,1
05/28/2019,2306,Erin,Webb,4,74C,23,17,23,,22,0
03/07/2018,3180,,,,74F,27,24,28,,25,0
03/07/2018,3209,,,,74F,27,26,32,,30,0
03/07/2018,3243,,,,74F,22,25,24,,24,0
03/07/2018,3222,,,,74F,17,22,20,,21,0
03/07/2018,3244,,,,73C,22,24,26,,24,0
03/07/2018,2968,Paul,Chiampa,102,February ACT,35,28,24,,29,0
03/07/2018,2975,Paul,Chiampa,102,February ACT,33,31,27,,30,0
03/12/2018,3103,,,,74C,30,27,30,,30,0
03/12/2018,2933,,,,74C,29,27,23,,26,0
03/12/2018,3231,,,,74F,17,21,16,,18,0
03/12/2018,2002,,,,74F,28,28,34,,30,0
03/12/2018,3250,,,,74F,17,17,19,,18,0
03/12/2018,3206,,,,74F,22,17,21,,21,0
03/12/2018,3245,,,,74F,28,35,32,,32,1
03/12/2018,3249,,,,74F,13,15,14,,13,1
12/27/2018,3828,,,,74F,35,31,26,,30,0
03/12/2018,3240,,,,74F,17,21,18,,19,1
03/13/2018,3254,,,,73C,22,21,23,,21,0
03/14/2018,2904,,,,72F,27,22,30,,26,0
03/15/2018,3232,Leann,Westin,106,74F,32,27,32,,29,0
03/18/2018,3105,,,,74H,31,29,32,,32,0
03/18/2018,2637,,,,74F,23,26,26,,25,0
03/18/2018,3138,,,,74F,29,24,22,,24,0
03/18/2018,2962,,,,74F,26,24,25,,25,0
03/18/2018,3251,,,,74F,14,16,17,,17,0
03/18/2018,3256,,,,74F,18,24,19,,21,0
03/18/2018,3217,,,,74F,32,31,28,,31,0
03/18/2018,2867,,,,61F,29,27,24,,26,0
03/19/2018,3188,,,,73C,32,31,29,,30,0
03/19/2018,2993,Erin,Webb,4,72F,27,26,23,,25.5 --> 26,0
03/22/2018,3005,Don,Lippincott,130,February ACT,31,31,32,,30,1
03/22/2018,3094,Don,Lippincott,130,February ACT,27,29,30,,28,0
03/22/2018,2862,Don,Lippincott,130,February ACT,32,28,32,,32,0
03/22/2018,2875,Don,Lippincott,130,February ACT,32,28,34,,31,0
03/22/2018,3106,Don,Lippincott,130,February ACT,33,29,26,,30,0
03/22/2018,3164,,,,74F,25,28,30,,28,0
03/22/2018,2905,Don,Lippincott,130,February ACT,30,32,26,,29,0
03/22/2018,2939,Don,Lippincott,130,February ACT,35,32,32,,32,0
03/22/2018,2961,Don,Lippincott,130,February ACT,35,36,34,,35,0
03/22/2018,3057,Don,Lippincott,130,February ACT,36,32,33,,34,0
03/22/2018,3010,Mike,Urban,138,February ACT,32,27,31,,29,0
03/22/2018,2980,Ronna,Berman,139,February ACT,19,19,23,,21,1
03/22/2018,2931,Mike,Urban,138,February ACT,28,27,25,,29,0
03/22/2018,2822,Matt,McNicholas,10,February ACT,33,31,28,,31,0
03/24/2018,3019,Don,Lippincott,130,February ACT,35,29,30,,30,0
03/26/2018,3162,,,,73E,33,34,35,,34,1
03/26/2018,2980,,,,A10,21,17,18,,19,1
03/26/2018,2894,,,,A10,28,28,32,,29,1
03/26/2018,3166,,,,72E,28,28,34,,31,1
03/26/2018,3036,,,,74C,23,25,26,,24,1
03/26/2018,3052,,,,74H,31,31,26,,29,0
03/11/2019,3975,Proctoring,at ODE,144,74F,20,21,24,,21,0
03/12/2019,3505,Don,Lippincott,130,February ACT,29,32,21,,27,0
03/17/2019,3720,Proctoring,at ODE,144,74C,21,20,22,,21,0
03/17/2019,3181,Erin,Webb,4,Oct ACT,35,27,31,,31,0
05/06/2019,3321,Ronna,Berman,139,February ACT,34,27,28,,28,0
05/28/2019,4048,Proctoring,at ODE,144,74C,24,27,27,,25,0
05/28/2019,3932,Proctoring,at ODE,144,74C,27,29,29,,29,1
03/31/2019,2990,,,,74C,28,25,34,,29,0
06/01/2019,3449,Proctoring,at ODE,144,B04,32,29,34,,32,0
06/01/2019,4175,Proctoring,at ODE,144,74F,28,26,22,,25,0
06/11/2019,4236,,,,April ACT,32,31,33,,33,0
03/28/2018,3207,,,,A10,32,34,32,,32,0
03/28/2018,3227,,,,74F,31,21,32,,27,0
03/28/2018,3146,,,,73C,22,19,26,,23,0
03/28/2018,2972,,,,74F,19,20,18,,20,0
03/31/2018,3257,,,,74F,24,25,22,,24,0
03/31/2018,3281,,,,74F,19,22,23,,22,0
03/31/2018,3154,,,,72E,21,26,21,,23,0
03/31/2018,3038,,,,72E,24,28,25,,26,0
03/31/2018,2867,,,,67A,28,29,31,,28,0
03/31/2018,3125,,,,72E,26,28,30,,28,0
03/31/2018,3215,,,,A10,24,29,21,,25,0
03/31/2018,2455,,,,74F,23,27,20,,23,0
03/31/2018,3125,Mike,Urban,138,Oct 2017,23,29,26,,26,0
03/31/2018,2970,David,Wu,135,Feb ACT,36,28,36,,33,0
03/31/2018,3075,,,,A10,29,26,32,,28,0
04/01/2018,2993,Erin,Webb,4,74C,25,26,23,,25.25 --> 25,0
04/01/2018,2933,Erin,Webb,4,72E,31,28,30,,29.25 --> 29,0
04/01/2018,3117,Erin,Webb,4,A10,20,26,23,,24,0
04/02/2018,3139,,,,A10,25,23,21,,25,0
04/02/2018,3107,,,,A10,31,26,27,,28,0
04/02/2018,3109,,,,A10,26,22,20,,23,0
04/02/2018,3115,,,,A10,24,28,32,,27,0
04/02/2018,3114,,,,A10,27,23,36,,28,0
04/02/2018,2895,,,,A10,21,23,22,,22,1
04/02/2018,2431,,,,A10,27,27,28,,27,0
04/02/2018,3063,,,,A10,31,26,29,,28,0
04/02/2018,3027,,,,68C,30,28,34,,30,0
04/02/2018,2604,,,,68C,26,27,18,,23,0
04/02/2018,3093,,,,A10,32,31,35,,33,0
04/02/2018,3067,,,,A10,24,25,18,,26,0
01/01/2019,3481,Alec,Poitzsch,108,December ACT,26,28,33,,29,0
03/17/2019,3567,Proctoring,at ODE,144,A09,30,31,25,,30,0
05/06/2019,3785,Tom,Opp,146,April ACT,34,28,35,,33,0
06/01/2019,3923,Proctoring,at ODE,144,74C,26,25,21,,24,0
04/02/2018,3103,,,,A10,33,30,33,,33,0
04/02/2018,3232,,,,A10,32,28,36,,31,0
04/02/2018,3100,,,,72E,24,22,28,,25,0
04/02/2018,2548,,,,72E,26,28,23,,25,0
04/02/2018,3084,,,,A10,24,21,28,,24,0
04/02/2018,2869,,,,A10,32,26,30,,29,0
03/31/2018,3140,,,,72E,30,28,28,,30,0
04/02/2018,3074,,,,A10,22,25,21,,23,0
04/02/2018,3086,,,,A10,35,32,30,,33,0
04/02/2018,3134,,,,72E,23,23,19,,22,0
04/02/2018,3091,,,,72E,31,26,35,,30,0
04/05/2018,2698,Matt,McNicholas,10,72C,16,18,23,,21,1
04/10/2018,3283,Erin,Webb,4,October ACT,15,15,17,,18,0
04/12/2018,3295,,,,74F,20,15,23,,19,1
11/13/2017,2986,Pamela,Fleming,15,73C,24,24,26,,25,0
04/16/2018,3116,,,,74C,33,29,31,,30,0
04/16/2018,3276,,,,74F,21,19,19,,20,0
04/16/2018,3226,,,,74F,24,24,22,,23,0
04/16/2018,3278,,,,74F,23,24,26,,24,0
04/16/2018,2860,,,,74F,35,30,32,,30,0
04/24/2018,3320,,,,74F,24,26,32,,27,0
04/25/2018,2993,Erin,Webb,4,April ACT,25,26,24,,26,0
04/25/2018,3077,Erin,Webb,4,April ACT,35,31,36,,33,0
04/25/2018,2933,Erin,Webb,4,April ACT,35,27,24,,28,0
04/25/2018,3181,Erin,Webb,4,April ACT,33,26,31,,28,0
04/25/2018,3117,Erin,Webb,4,April ACT,22,27,24,,25,0
04/27/2018,2598,Tom,Opp,146,April ACT,27,25,26,,25,0
04/27/2018,3171,Tom,Opp,146,73C,18,25,18,,20,0
04/27/2018,3171,Tom,Opp,146,April ACT,24,20,23,,22,0
04/27/2018,3084,Leann,Westin,106,April ACT,27,22,24,,25,0
04/27/2018,3232,Leann,Westin,106,April ACT,36,28,36,,32,0
04/27/2018,3071,Leann,Westin,106,April ACT,30,28,25,,27,0
04/27/2018,3071,Leann,Westin,106,A10,33,25,27,,27,0
04/27/2018,3093,Leann,Westin,106,April ACT,35,32,33,,33,0
04/27/2018,3107,Erin,Webb,4,April ACT,30,26,28,,28,0
04/27/2018,3085,Alec,Poitzsch,108,April ACT,35,31,35,,34,0
04/27/2018,1969,Matt,McNicholas,10,April ACT,25,24,31,,27,0
04/27/2018,2479,Matt,McNicholas,10,April ACT,27,29,29,,27,0
04/27/2018,3222,Tom,Opp,146,April ACT,20,24,17,,21,0
04/27/2018,3207,Lisa,Paige,117,April ACT,35,35,30,,33,0
04/27/2018,3086,Matt,McNicholas,10,April ACT,31,33,35,,34,0
04/27/2018,3139,Erin,Webb,4,April ACT,26,27,22,,25,0
04/30/2018,3313,,,,74F,21,16,17,,19,0
04/30/2018,3309,,,,74F,13,17,10,,14,1
04/30/2018,2867,Matt,McNicholas,10,April ACT,30,28,29,,28,0
04/30/2018,2643,Travis,Minor,12,April ACT,25,26,26,,26,0
04/30/2018,3111,Christine,Paige,134,April ACT,23,18,24,,22,0
04/30/2018,3052,Lisa,Paige,117,April ACT,35,33,31,,31,0
05/01/2018,3077,Erin,Webb,4,December ACT,31,29,33,,32,0
01/01/2019,3398,Alec,Poitzsch,108,December ACT,35,30,34,,33,0
05/02/2018,3185,Leann,Westin,106,April ACT,26,28,22,,26,0
05/02/2018,2869,Leann,Westin,106,April ACT,31,27,28,,28,0
03/18/2019,4037,Proctoring,at ODE,144,74F,26,30,36,,30,0
05/03/2018,3330,,,,April ACT,34,36,35,,33,0
01/01/2019,3121,Travis,Minor,12,October ACT,32,27,36,,31,0
03/18/2019,3727,Proctoring,at ODE,144,74C,24,26,26,,26,0
03/18/2019,3748,Proctoring,at ODE,144,74C,27,27,21,,26,0
03/18/2019,4048,Proctoring,at ODE,144,74F,22,20,24,,22,0
05/07/2019,3629,Mike,Urban,138,April ACT,30,25,35,,30,0
05/07/2019,3748,Ronna,Berman,139,April ACT,34,27,19,,27,0
05/14/2019,3685,Tom,Opp,146,74C,27,27,31,,28,0
05/15/2019,3777,Erin,Webb,4,April ACT,23,25,17,,22,0
05/16/2019,3538,Don,Lippincott,130,April ACT,34,25,30,,29,0
05/16/2019,3739,Don,Lippincott,130,April ACT,25,24,24,,25,0
03/31/2019,4023,,,,74F,25,23,29,,26,0
05/16/2019,4034,,,,74F,27,26,26,,27,0
01/02/2019,3786,,,,74F,17,20,17,,19,0
01/02/2019,3746,Proctoring,at ODE,144,74F,15,17,17,,18,1
03/18/2019,4073,Proctoring,at ODE,144,74F,21,16,16,,18,0
05/07/2019,2430,Travis,Minor,12,April ACT,30,28,30,,29,0
05/07/2019,3947,Leann,Westin,106,April ACT,25,19,20,,22,0
05/07/2019,3626,Travis,Minor,12,April ACT,34,31,34,,33,0
05/14/2019,3718,Leann,Westin,106,74C,29,27,32,,29,0
05/16/2019,3541,Don,Lippincott,130,April ACT,22,22,18,,22,0
05/16/2019,3613,,,,December ACT,20,25,27,,23,0
05/16/2019,3733,Ronna,Berman,139,April ACT,25,17,22,,21,0
06/01/2019,4098,Proctoring,at ODE,144,74F,16,21,22,,20,0
06/06/2019,4042,,,,October ACT,21,27,24,,25,0
05/06/2018,3125,Mike,Urban,138,April ACT,27,27,29,,29,0
05/06/2018,3139,,,,72F,26,28,23,,25,0
05/07/2018,3205,,,,A10,24,24,23,,23,0
05/07/2018,3306,Proctoring,at ODE,144,74F,21,25,32,,25,0
05/07/2018,3074,Leann,Westin,106,April ACT,25,26,22,,24,0
05/07/2018,2975,Paul,Chiampa,102,April ACT,31,28,25,,28,0
05/07/2018,3100,Don,Lippincott,130,April ACT,30,22,25,,25,0
05/07/2018,2987,Don,Lippincott,130,April ACT,25,24,24,,24,0
05/07/2018,3140,Don,Lippincott,130,April ACT,34,31,34,,32,0
05/07/2018,3104,Don,Lippincott,130,April ACT,29,25,30,,28,0
05/07/2018,3154,Don,Lippincott,130,April ACT,25,27,25,,26,0
05/07/2018,3134,Don,Lippincott,130,April ACT,24,25,24,,24,0
05/07/2018,2939,Don,Lippincott,130,April ACT,31,29,31,,29,0
05/07/2018,3166,Don,Lippincott,130,April ACT,30,29,36,,31,0
05/07/2018,3109,Leann,Westin,106,April ACT,24,22,22,,23,0
05/07/2018,3038,Don,Lippincott,130,April ACT,25,25,28,,27,0
05/07/2018,2548,Don,Lippincott,130,April ACT,30,28,30,,29,0
05/08/2018,2431,Erin,Webb,4,April ACT,27,27,32,,28,0
05/10/2018,3269,,,,74F,25,24,19,,22,0
05/21/2018,2905,,,,72G,26,31,27,,29,1
05/13/2018,3173,Don,Lippincott,130,April ACT,21,27,19,,22,0
05/13/2018,3063,Don,Lippincott,130,April ACT,29,26,29,,28,0
05/13/2018,2604,Lisa,Paige,117,April ACT,25,28,22,,26,0
05/13/2018,3027,Lisa,Paige,117,April ACT,26,27,30,,28,0
05/13/2018,3209,Lisa,Paige,117,April ACT,35,25,35,,31,0
05/13/2018,2864,Erin,Webb,4,Dec ACT,32,34,28,,31,0
05/15/2018,3262,,,,73C,24,24,19,,23,0
05/15/2018,3262,,,,71G,29,28,26,,28,0
05/16/2018,3332,,,,72C,22,32,28,,27,0
05/16/2018,3319,Tom,Opp,146,April ACT,24,25,30,,26,0
05/17/2018,3343,,,,74F,26,35,35,,32,0
05/20/2018,3170,Erin,Webb,4,74F,27,17,29,,22,0
01/02/2019,3768,Proctoring,at ODE,144,74F,21,18,14,,18,1
05/21/2018,2904,,,,74H,31,25,35,,31,1
05/21/2018,3226,,,,A10,27,22,25,,24,0
05/21/2018,2945,,,,A10,30,29,31,,30,0
05/21/2018,3188,,,,A10,30,31,30,,31,0
01/02/2019,3777,Proctoring,at ODE,144,74F,16,20,17,,18,0
01/02/2019,3766,Proctoring,at ODE,144,74F,23,22,22,,23,1
03/20/2019,3280,Proctoring,at ODE,144,74C,30,23,26,,25,0
03/25/2019,3509,Proctoring,at ODE,144,74C,31,22,23,,25,0
03/25/2019,3279,Proctoring,at ODE,144,74C,20,21,29,,24,1
03/25/2019,3764,Proctoring,at ODE,144,74C,28,27,23,,26,0
05/21/2018,3283,,,,74H,21,15,24,,21,1
05/21/2018,2980,,,,74C,23,19,16,,21,1
01/04/2019,3408,Erin,Webb,4,Dec ACT,22,26,27,,25,0
01/07/2019,3449,Proctoring,at ODE,144,74C,29,26,27,,27,0
01/07/2019,3833,Proctoring,at ODE,144,74F,18,21,21,,21,0
01/07/2019,3385,Proctoring,at ODE,144,74F,27,27,31,,28,0
01/07/2019,3791,Proctoring,at ODE,144,74F,23,20,22,,22,0
01/07/2019,3759,Proctoring,at ODE,144,74F,20,26,29,,25,0
01/11/2019,3631,Proctoring,at ODE,144,74F,17,16,21,,19,0
01/14/2019,3886,Proctoring,at ODE,144,74F,24,26,28,,25,0
01/14/2019,3876,Proctoring,at ODE,144,74F,25,27,24,,27,0
01/14/2019,3194,Proctoring,at ODE,144,74F,29,36,29,,31,0
01/14/2019,3831,Proctoring,at ODE,144,74F,28,27,24,,26,0
01/14/2019,2601,Proctoring,at ODE,144,74C,18,24,22,,22,0
01/21/2019,3498,,,,July ACT,33,30,34,,32,0
05/21/2018,3074,,,,74C,26,26,24,,25,0
05/21/2018,3063,,,,74C,30,30,31,,30,0
05/21/2018,2955,,,,74C,26,24,24,,24,0
05/21/2018,3202,,,,74H,35,30,36,,33,1
05/24/2018,3103,Erin,Webb,4,April ACT,31,31,25,,30,0
05/29/2018,3146,Leann,Westin,106,A10,23,20,21,,21,0
03/31/2019,3682,,,,A10,27,35,31,,32,0
05/29/2018,3254,Leann,Westin,106,A10,25,21,29,,25,0
05/30/2018,3180,,,,74H,29,27,30,,28,0
05/30/2018,3094,,,,74C,25,30,26,,27,0
05/30/2018,3303,,,,74C,34,27,31,,30,0
05/30/2018,2965,,,,71H,32,28,34,,31,0
05/30/2018,3268,,,,74F,14,24,17,,19,0
05/30/2018,3197,,,,A10,25,26,27,,26,0
05/30/2018,3185,,,,A10,26,29,25,,26,0
05/30/2018,3320,,,,74C,24,26,26,,25,0
01/04/2019,2720,,,,74F,31,27,32,,29,0
01/07/2019,3750,Proctoring,at ODE,144,74F,23,26,31,,28,0
01/14/2019,3696,Proctoring,at ODE,144,74F,26,28,24,,26,0
01/14/2019,3193,Proctoring,at ODE,144,74F,32,33,29,,32,0
01/14/2019,3761,Proctoring,at ODE,144,74F,15,17,17,,16,0
01/14/2019,3889,Proctoring,at ODE,144,74F,25,27,26,,27,0
01/21/2019,2096,Leann,Westin,106,A10,25,24,21,,24,0
01/21/2019,3909,Proctoring,at ODE,144,74F,25,23,30,,25,0
01/21/2019,3897,Proctoring,at ODE,144,74F,16,19,20,,19,0
01/21/2019,3895,Proctoring,at ODE,144,74F,20,23,24,,22,0
01/21/2019,3255,Proctoring,at ODE,144,74F,25,27,22,,24,0
01/21/2019,3789,Proctoring,at ODE,144,74F,34,27,32,,31,0
01/22/2019,3742,Proctoring,at ODE,144,73C,27,31,27,,28,0
03/25/2019,3191,Proctoring,at ODE,144,74C,30,29,30,,29,1
03/25/2019,3723,Proctoring,at ODE,144,74C,28,28,29,,28,0
05/30/2018,3355,,,,74F,24,26,24,,25,0
01/07/2019,3444,Proctoring,at ODE,144,74F,28,30,28,,28,0
01/07/2019,3719,Proctoring,at ODE,144,74F,22,26,22,,23,0
01/14/2019,3511,Proctoring,at ODE,144,74C,30,21,34,,28,0
01/21/2019,3389,Erin,Webb,4,A10,24,22,22,,23,0
01/21/2019,3904,Proctoring,at ODE,144,74F,35,34,34,,35,0
01/22/2019,3518,Proctoring,at ODE,144,74C,34,30,35,,33,0
01/24/2019,3883,,,,74F,24,27,29,,25,0
01/24/2019,3216,Matt,McNicholas,10,December ACT,35,33,31,,32,0
01/24/2019,3550,Don,Lippincott,130,December ACT,24,28,21,,25,0
01/24/2019,3787,,,,October ACT,17,22,19,,20,0
01/24/2019,3374,Matt,McNicholas,10,December ACT,34,34,35,,35,0
01/26/2019,2863,,,,72G,33,34,30,,33,0
03/25/2019,4086,Proctoring,at ODE,144,74F,20,26,21,,23,0
03/25/2019,3759,Proctoring,at ODE,144,74C,25,30,28,,28,0
03/25/2019,2306,Proctoring,at ODE,144,74F,21,18,25,,21,1
05/30/2018,3084,Leann,Westin,106,74C,23,25,22,,23,0
05/31/2018,2864,,,,74F,31,32,21,,30,0
05/31/2018,2089,Don,Lippincott,130,April ACT,22,24,28,,24,0
06/02/2018,3231,,,,72F,21,23,22,,22,0
06/02/2018,2939,,,,74C,29,32,34,,32,0
06/02/2018,3133,,,,74C,24,29,24,,26,0
06/03/2018,3027,,,,71A,29,29,26,,27,0
06/03/2018,2431,,,,74F,29,27,29,,28,0
06/03/2018,3264,,,,74F,14,18,16,,17,0
06/03/2018,3180,,,,72F,28,27,30,,29,0
06/03/2018,3085,,,,71C,31,34,32,,31,0
06/04/2018,3111,,,,74F,23,20,22,,22,0
06/04/2018,3100,,,,74C,33,24,29,,28,0
06/04/2018,3250,,,,74C,22,21,23,,22,0
06/04/2018,3134,,,,74C,25,25,22,,24,0
06/04/2018,3260,,,,74C,27,25,23,,26,0
06/04/2018,3122,,,,74C,27,24,22,,23,0
06/04/2018,2875,,,,74C,32,30,35,,32,0
06/04/2018,3158,,,,74H,20,26,17,,21,0
06/04/2018,2598,,,,74H,26,27,20,,24,0
06/04/2018,3243,,,,74H,24,24,28,,25,0
01/24/2019,3343,Mike,Urban,138,December ACT,36,36,34,,36,0
06/19/2018,2002,Leann,Westin,106,June ACT,34,30,33,,32,0
06/19/2018,3245,Alec,Poitzsch,108,June ACT,36,33,35,,34,0
06/19/2018,2993,Erin,Webb,4,June ACT,27,27,30,,29,0
06/21/2018,2864,Erin,Webb,4,June ACT,34,32,34,,32,0
06/21/2018,2950,Erin,Webb,4,Dec ACT,30,25,33,,29,1
06/22/2018,2945,Leann,Westin,106,June ACT,27,29,35,,31,0
06/22/2018,3171,Tom,Opp,146,June ACT,27,25,28,,28,0
06/22/2018,3134,Don,Lippincott,130,June ACT,24,26,26,,25,0
06/22/2018,2548,Don,Lippincott,130,June ACT,32,29,28,,30,0
06/22/2018,2905,Don,Lippincott,130,June ACT,33,30,25,,30,1
06/22/2018,3105,Travis,Minor,12,June ACT,30,32,32,,32,0
06/22/2018,3244,Mike,Urban,138,June ACT,24,25,25,,26,0
06/22/2018,3303,Erin,Webb,4,June ACT,34,28,32,,34,0
06/22/2018,3036,Don,Lippincott,130,June ACT,24,25,25,,25,1
04/27/2018,3036,Leann,Westin,106,April ACT,24,24,22,,24,1
06/22/2018,3091,Don,Lippincott,130,June ACT,34,26,35,,33,0
06/22/2018,2955,Don,Lippincott,130,June ACT,27,26,20,,25,0
01/26/2019,3441,,,,71H,34,36,31,,34,0
03/25/2019,3629,Proctoring,at ODE,144,74C,25,27,35,,30,1
03/25/2019,3883,Proctoring,at ODE,144,74C,26,29,29,,28,0
05/19/2019,3389,Erin,Webb,4,Dec. 18 (B05),26,22,25,,23,0
05/19/2019,3690,Erin,Webb,4,74C,23,29,20,,24,0
05/19/2019,3432,Travis,Minor,12,June 17 (74C),27,26,20,,25,0
06/22/2018,2598,Tom,Opp,146,June ACT,28,27,26,,27,0
06/22/2018,3166,Don,Lippincott,130,June ACT,34,32,33,,33,0
06/22/2018,2875,Don,Lippincott,130,June ACT,35,28,35,,31,0
06/27/2018,3388,,,,74F,16,19,14,,17,0
06/27/2018,3387,,,,74F,23,27,28,,25,0
06/27/2018,3368,,,,74F,13,23,20,,19,0
06/27/2018,3260,,,,A10,23,26,23,,24,0
05/01/2018,3303,Erin,Webb,4,Unknown,31,23,26,,27,0
06/28/2018,3100,Don,Lippincott,130,June ACT,30,21,30,,28,0
06/28/2018,3140,Don,Lippincott,130,June ACT,33,29,35,,32,0
06/28/2018,3133,Don,Lippincott,130,June ACT,33,28,30,,30,0
06/28/2018,2939,Don,Lippincott,130,June ACT,35,33,28,,32,0
06/28/2018,3111,Christine,Paige,134,June ACT,22,24,23,,23,0
06/28/2018,3262,Lisa,Paige,117,June ACT,31,28,23,,28,0
06/28/2018,3236,Leann,Westin,106,April ACT,23,27,24,,25,0
06/28/2018,3236,,,,64E,20,26,29,,25,0
07/01/2018,3251,Erin,Webb,4,June ACT,16,19,17,,19,0
07/02/2018,3249,Leann,Westin,106,June ACT,14,16,17,,16,1
08/15/2018,3441,,,,74F,29,34,32,,33,0
07/02/2018,2869,Leann,Westin,106,June ACT,28,27,29,,28,0
07/02/2018,3185,Leann,Westin,106,June ACT,26,25,27,,26,0
01/28/2019,1727,Proctoring,at ODE,144,74C,26,28,33,,28,0
01/28/2019,3771,Proctoring,at ODE,144,74C,35,32,34,,33,1
01/28/2019,3692,Proctoring,at ODE,144,74C,22,22,19,,21,0
01/28/2019,3264,Proctoring,at ODE,144,74C,30,27,23,,26,0
01/28/2019,3263,Proctoring,at ODE,144,74F,24,23,21,,23,1
01/28/2019,3449,Proctoring,at ODE,144,A10,33,29,29,,29,0
03/25/2019,3523,Proctoring,at ODE,144,74C,23,24,22,,24,1
03/25/2019,3772,Proctoring,at ODE,144,74C,32,29,31,,30,1
05/19/2019,3948,Erin,Webb,4,74C,23,21,24,,23,0
05/25/2019,4068,Proctoring,at ODE,144,74C,31,21,27,,26.25 --> 26,0
06/06/2019,4042,,,,February ACT,26,27,28,,27,0
07/02/2018,2954,Leann,Westin,106,June ACT,26,22,32,,26,1
07/09/2018,2950,Erin,Webb,4,A09,30,27,29,,28,1
07/10/2018,3201,Ronna,Berman,139,June ACT,26,22,30,,26,1
07/10/2018,3250,Don,Lippincott,130,June ACT,27,20,21,,23,0
07/10/2018,3063,Don,Lippincott,130,June ACT,33,30,29,,30,0
07/10/2018,2089,Don,Lippincott,130,June ACT,27,24,28,,26,0
07/10/2018,3173,Don,Lippincott,130,June ACT,20,26,23,,23,0
07/11/2018,2052,,,,74F,27,25,32,,27,0
07/11/2018,3407,,,,74F,32,34,33,,31,0
07/11/2018,3372,,,,74F,21,32,18,,23,0
07/11/2018,1567,,,,74F,22,27,24,,23,0
07/11/2018,3392,,,,74F,35,36,34,,34,0
07/12/2018,3389,,,,74F,11,21,24,,19,0
01/28/2019,3110,Proctoring,at ODE,144,74C,30,31,31,,29,1
01/28/2019,3706,Proctoring,at ODE,144,74C,25,22,24,,23,0
01/28/2019,3583,Proctoring,at ODE,144,74C,27,24,26,,26,0
01/28/2019,3892,Proctoring,at ODE,144,74F,25,26,30,,26,0
01/28/2019,3917,Proctoring,at ODE,144,74F,29,30,32,,30,0
01/28/2019,3926,Proctoring,at ODE,144,74F,18,14,22,,19,1
01/28/2019,3752,Proctoring,at ODE,144,74F,24,22,23,,24,1
01/28/2019,3906,Proctoring,at ODE,144,74F,17,19,20,,19,1
03/26/2019,3949,,,,74C,22,29,22,,25,0
03/27/2019,3833,Proctoring,at ODE,144,74C,22,24,22,,22,0
03/27/2019,3608,Proctoring,at ODE,144,74C,34,35,29,,34,1
03/29/2019,4115,,,,74F,29,25,31,,28,0
03/31/2019,3957,,,,74C,27,28,31,,28,0
03/31/2019,3961,,,,74C,34,34,27,,32,0
07/12/2018,3338,Erin,Webb,4,April ACT,25,25,29,,25,0
07/14/2018,3188,Erin,Webb,4,June ACT,32,30,25,,30,0
07/11/2018,2778,,,,A10,32,27,33,,29,0
07/16/2018,2987,Don,Lippincott,130,June ACT,28,26,20,,25,0
07/16/2018,3084,Leann,Westin,106,June ACT,25,25,23,,25,0
07/16/2018,2904,Christine,Paige,134,June ACT,27,24,30,,26,0
07/17/2018,2972,Leann,Westin,106,June ACT,18,25,18,,21,0
01/28/2019,3321,Proctoring,at ODE,144,74C,31,28,31,,29,0
07/18/2018,1681,Travis,Minor,12,A11,34,27,35,,31,0
07/18/2018,3408,,,,74F,16,25,28,,23,0
07/19/2018,3419,,,,74F,25,27,29,,27,0
07/19/2018,3095,,,,74F,20,23,20,,20,0
07/19/2018,3433,,,,74F,26,27,21,,24,0
07/19/2018,3418,,,,74F,17,19,28,,22,0
07/23/2018,3423,,,,April ACT,30,31,32,,30,0
07/19/2018,3394,,,,74F,31,31,32,,31,0
07/24/2018,3262,Leann,Westin,106,July ACT,29,30,30,,29,0
07/25/2018,3414,,,,February ACT,19,22,14,,19,0
07/25/2018,3414,,,,April ACT,21,23,18,,21,0
07/25/2018,3414,,,,June ACT,22,25,19,,23,0
07/25/2018,3261,Travis,Minor,12,July ACT,30,21,33,,29,0
07/28/2018,3092,,,,74F,23,27,24,,25,0
07/31/2018,3396,,,,74F,24,36,31,,31,0
07/31/2018,3374,,,,74F,21,27,33,,28,0
07/31/2018,3360,,,,74F,26,28,35,,29,0
07/31/2018,3450,,,,74F,23,28,26,,25,0
08/01/2018,3386,Erin,Webb,4,April ACT,24,26,24,,25,0
01/28/2019,3776,Proctoring,at ODE,144,74F,21,26,22,,23,0
01/28/2019,3567,Proctoring,at ODE,144,A10,29,29,31,,29,0
01/28/2019,3717,Proctoring,at ODE,144,74F,15,17,18,,17,1
01/28/2019,3905,Proctoring,at ODE,144,74F,23,19,24,,22,1
01/28/2019,3919,Proctoring,at ODE,144,74F,23,17,20,,20,1
01/28/2019,3830,Proctoring,at ODE,144,74F,18,17,18,,18,1
01/28/2019,3715,,,,74C,34,32,36,,34,0
03/27/2019,3490,Proctoring,at ODE,144,74C,35,34,34,,35,1
03/27/2019,3746,Proctoring,at ODE,144,74C,21,21,21,,19,1
03/31/2019,3751,,,,74C,33,26,25,,28,0
03/31/2019,3733,Proctoring,at ODE,144,74C,29,17,24,,23,0
03/31/2019,3892,Proctoring,at ODE,144,74C,28,28,26,,27,0
05/19/2019,3748,Ronna,Berman,139,Dec. 17,32,26,18,,26,0
05/19/2019,4036,Tom,Opp,146,74C,30,27,28,,28,0
01/30/2019,3418,Erin,Webb,4,Dec ACT,21,21,30,,24,0
02/04/2019,3730,Proctoring,at ODE,144,74C,33,29,34,,33,0
03/31/2019,3361,,,,A09,35,33,34,,33,0
03/31/2019,4111,,,,74F,19,23,21,,21,0
03/31/2019,3548,Proctoring,at ODE,144,A10,19,21,15,,19,0
06/04/2019,3432,Proctoring,at ODE,144,A10,32,29,27,,28,0
06/04/2019,4224,Proctoring,at ODE,144,74F,35,28,34,,32,0
06/05/2019,4017,,,,unknown - Paragon test prep diagsnositc 1.5 time,21,23,26,,24,1
08/01/2018,3330,Alec,Poitzsch,108,July ACT,35,36,35,,35,0
08/08/2018,3321,,,,74F,24,24,24,,24,0
01/29/2019,3306,Proctoring,at ODE,144,A10,28,31,33,,29,0
08/13/2018,3251,Erin,Webb,4,July ACT,15,20,24,,20,0
08/15/2018,3451,,,,74F,27,30,28,,27,0
08/15/2018,3452,,,,74F,33,31,34,,31,0
08/15/2018,3260,,,,70C,27,29,29,,28,0
08/15/2018,3466,,,,74F,23,27,29,,26,0
08/08/2018,3435,,,,74F,15,15,12,,15,1
08/15/2018,3426,,,,74F,21,24,29,,24,0
08/15/2018,3191,,,,74F,23,20,20,,21,0
08/15/2018,3445,,,,74F,25,24,22,,23,0
08/15/2018,3460,,,,74F,28,18,24,,23,0
02/04/2019,3948,Proctoring,at ODE,144,74F,22,15,24,,21,0
02/04/2019,3491,Proctoring,at ODE,144,74C,29,23,22,,21,0
03/31/2019,3923,,,,74F,25,23,21,,23,0
05/20/2019,4203,Proctoring,at ODE,144,74F,21,26,24,,24,0
05/22/2019,3587,Proctoring,at ODE,144,74C,15,14,15,,14,1
05/25/2019,4206,Proctoring,at ODE,144,74F,25,19,20,,21,0
05/25/2019,4042,Proctoring,at ODE,144,74C,31,28,24,,27,0
08/15/2018,3432,,,,74F,20,25,17,,21,0
08/19/2018,3403,,,,1276C,35,28,27,,30,0
08/19/2018,3495,Don,Lippincott,130,Unknown,29,26,30,,28,0
08/19/2018,3332,,,,July ACT,25,34,34,,31,0
08/20/2018,2727,,,,74F,29,28,26,,28,1
08/20/2018,3490,,,,74F,32,31,33,,33,1
08/21/2018,3462,,,,74F,21,20,28,,24,1
08/21/2018,3276,Ellen,Neelands,114,June ACT,20,24,22,,22,0
08/21/2018,3477,,,,74F,34,26,31,,29,1
08/21/2018,2840,,,,74F,23,19,32,,25,1
08/21/2018,3260,Travis,Minor,12,July ACT,29,28,25,,27,0
08/21/2018,3508,,,,April ACT,20,24,18,,21,0
08/21/2018,3508,,,,July ACT,24,25,21,,24,0
02/04/2019,3947,Proctoring,at ODE,144,74F,24,20,19,,22,0
02/04/2019,3900,Proctoring,at ODE,144,74F,18,18,15,,18,0
02/11/2019,3890,Proctoring,at ODE,144,74F,24,24,30,,26,0
02/11/2019,3718,Proctoring,at ODE,144,74F,25,24,32,,26,0
02/11/2019,3936,,,,74F,17,26,19,,21,0
04/01/2019,3567,,,,B05,35,30,30,,31,0
04/01/2019,3886,Proctoring,at ODE,144,74C,32,27,33,,30,0
04/06/2019,3361,Erin,Webb,4,74F,27,28,29,,28,0
04/08/2019,3917,Proctoring,at ODE,144,71E,33,30,28,,32,0
04/08/2019,3739,Proctoring,at ODE,144,74C,25,27,23,,24,0
04/08/2019,3764,Proctoring,at ODE,144,A10,26,29,26,,26,0
04/08/2019,4124,Proctoring,at ODE,144,74F,28,28,25,,27,0
04/08/2019,4038,Proctoring,at ODE,144,74F,18,17,19,,19,0
04/15/2019,3690,Proctoring,at ODE,144,74F,25,32,29,,28,1
08/25/2018,2647,,,,74F,31,28,32,,31,0
08/26/2018,3278,,,,A10,27,26,24,,25,0
08/26/2018,3260,,,,74C,25,24,24,,25,0
08/26/2018,2769,,,,74F,25,31,35,,30,0
08/28/2018,3233,Erin,Webb,4,Dec 2017 ACT,29,30,32,,31,0
08/29/2018,3484,,,,74F,12,17,21,,16,0
08/29/2018,3414,Proctoring,at ODE,144,74H,20,21,18,,21,0
08/29/2018,3423,Proctoring,at ODE,144,72F,29,34,23,,28,0
08/29/2018,2598,Proctoring,at ODE,144,A10,28,28,23,,27,0
08/29/2018,3473,Proctoring,at ODE,144,74H,31,28,36,,32,0
08/29/2018,3471,Proctoring,at ODE,144,74F,25,21,21,,22,0
08/29/2018,3516,Proctoring,at ODE,144,74F,21,21,30,,23,0
08/29/2018,2096,Proctoring,at ODE,144,74F,21,28,22,,24,0
08/29/2018,3503,Proctoring,at ODE,144,74F,26,29,33,,29,0
08/29/2018,3514,Proctoring,at ODE,144,74F,22,27,21,,24,0
08/29/2018,3008,Proctoring,at ODE,144,74F,20,25,24,,23,0
08/30/2018,3386,Erin,Webb,4,A10,27,28,23,,27,0
09/06/2018,3455,,,,74F,28,28,32,,29,0
09/10/2018,3538,,,,74F,21,25,25,,23,0
09/10/2018,3334,,,,74F,27,29,35,,30,0
09/17/2018,3511,,,,74F,27,25,35,,28,0
09/17/2018,3505,,,,74F,26,25,28,,26,0
09/17/2018,3555,,,,74F,25,29,34,,29,0
09/17/2018,3551,,,,74F,24,23,22,,22,0
09/18/2018,2598,,,,74C,27,28,25,,26,0
09/19/2018,3548,,,,74F,17,17,17,,18,0
09/19/2018,3398,,,,Unknown Diagnostic Scores,32,27,36,,30,0
09/20/2018,3276,Ellen,Neelands,114,September ACT,25,25,24,,25,1
09/24/2018,3518,,,,74F,27,27,34,,29,0
09/24/2018,2636,Travis,Minor,12,SEPT ACT,25,21,33,,25,1
09/24/2018,3251,,,,A10,22,23,16,,,0
09/24/2018,3111,Leann,Westin,106,July ACT,25,24,23,,24,0
09/24/2018,3111,Leann,Westin,106,September ACT,23,24,34,,27,0
09/24/2018,3524,,,,74F,24,29,22,,25,0
09/24/2018,2598,,,,74F,34,26,32,,,0
09/24/2018,3449,,,,74F,29,25,33,,29,0
09/24/2018,3032,Leann,Westin,106,September ACT,25,22,23,,24,0
09/24/2018,3278,Leann,Westin,106,September ACT,29,27,26,,28,0
09/27/2018,3393,,,,February ACT,22,19,17,,20,1
09/27/2018,3393,Leann,Westin,106,September ACT,19,20,27,,22,1
09/27/2018,3393,,,,June ACT,17,19,20,,20,1
09/27/2018,3495,Don,Lippincott,130,September ACT,28,25,31,,28,0
09/27/2018,3423,Don,Lippincott,130,September ACT,34,34,25,,31,0
09/27/2018,3473,,,,February ACT,25,26,35,,30,0
09/27/2018,3473,,,,April ACT,30,28,32,,30,0
09/27/2018,3473,Don,Lippincott,130,September ACT,31,31,33,,31,0
09/27/2018,2955,Don,Lippincott,130,September ACT,23,28,24,,24,0
09/27/2018,3414,Don,Lippincott,130,September ACT,27,23,21,,24,0
09/27/2018,3134,Don,Lippincott,130,September ACT,25,24,23,,24,0
09/27/2018,3036,Don,Lippincott,130,September ACT,25,25,25,,25,1
09/29/2018,3392,,,,72E,35,36,30,,33,0
09/29/2018,3181,,,,74C,26,23,27,,25,0
09/30/2018,3408,Erin,Webb,4,Sept ACT,19,22,23,,21,0
09/30/2018,3408,Erin,Webb,4,72E,23,27,27,,26,0
10/01/2018,3233,,,,74C,34,32,31,,32,0
10/01/2018,3584,,,,74F,25,24,25,,25,0
10/01/2018,3563,,,,74F,29,27,32,,30,0
10/01/2018,1689,,,,74F,21,18,29,,22,0
02/11/2019,3361,Proctoring,at ODE,144,74C,33,30,31,,30,0
04/01/2019,3742,Proctoring,at ODE,144,71C,35,35,26,,31,0
04/08/2019,4123,Proctoring,at ODE,144,74F,25,23,25,,24,0
04/08/2019,4091,Proctoring,at ODE,144,74F,18,16,17,,16,1
04/08/2019,3263,Proctoring,at ODE,144,74C,27,23,26,,25,1
04/08/2019,3683,Proctoring,at ODE,144,74F,20,21,15,,19,1
04/08/2019,3831,Proctoring,at ODE,144,71G,32,28,29,,30,0
04/15/2019,4116,Proctoring,at ODE,144,74F,20,18,26,,21,0
05/20/2019,4191,Proctoring,at ODE,144,74F,34,32,25,,31,0
05/20/2019,4157,Proctoring,at ODE,144,74F,27,27,26,,25,0
05/25/2019,3511,Proctoring,at ODE,144,A10,33,22,36,,28,0
02/11/2019,3875,Proctoring,at ODE,144,74F,29,28,26,,28,0
02/11/2019,3040,Proctoring,at ODE,144,74F,25,24,26,,25,0
02/11/2019,3046,Proctoring,at ODE,144,74F,26,24,32,,27,0
02/11/2019,3950,Proctoring,at ODE,144,74f,25,17,20,,21,0
04/01/2019,3750,Proctoring,at ODE,144,74C,32,27,31,,29,0
04/01/2019,4083,Proctoring,at ODE,144,74F,14,18,16,,17,0
04/08/2019,4112,Proctoring,at ODE,144,74C,25,28,22,,24,0
06/04/2019,4223,Proctoring,at ODE,144,74F,23,25,24,,24,0
10/02/2018,2974,Erin,Webb,4,June ACT,23,19,21,,20,1
09/29/2018,3398,,,,72E,30,30,26,,29,0
10/05/2018,3550,Proctoring,at ODE,144,74F,25,24,17,,23,0
10/07/2018,3583,Proctoring,at ODE,144,74F,18,20,24,,22,0
10/07/2018,3586,Proctoring,at ODE,144,74F,29,28,35,,31,0
10/07/2018,3611,Proctoring,at ODE,144,74F,18,23,17,,20,0
10/07/2018,3578,Proctoring,at ODE,144,74F,16,18,13,,17,0
10/08/2018,2987,Don,Lippincott,130,September ACT,31,26,22,,26,0
10/30/2018,3562,,,,74F,26,26,30,,26,0
10/08/2018,3332,Don,Lippincott,130,September ACT,28,28,31,,29,0
02/18/2019,3961,Proctoring,at ODE,144,74F,25,30,24,,27,0
02/23/2019,3963,,,,74F,21,24,22,,23,0
04/15/2019,4139,Proctoring,at ODE,144,74F,25,31,28,,28,0
10/14/2018,3539,Proctoring,at ODE,144,74F,23,23,35,,26,0
10/14/2018,3481,,,,72C,32,27,33,,29,0
10/15/2018,3233,Proctoring,at ODE,144,A11,32,30,31,,32,0
10/15/2018,3408,Proctoring,at ODE,144,A11,28,25,24,,26,0
10/15/2018,3436,,,,A10,27,27,25,,26,0
10/15/2018,3181,,,,72F,33,27,23,,28,0
10/15/2018,3436,,,,74C,30,28,28,,28,0
10/17/2018,3547,,,,74F,25,29,33,,29,0
10/22/2018,3489,,,,74F,26,28,32,,28,0
10/22/2018,3489,Leann,Westin,106,September ACT,32,27,27,,29,0
10/30/2018,3517,Proctoring,at ODE,144,74F,22,24,20,,21,0
10/30/2018,3564,,,,74F,24,24,19,,22,0
10/30/2018,1727,,,,74F,23,27,32,,27,0
10/30/2018,3570,,,,74F,23,24,22,,23,0
10/30/2018,2601,,,,74F,18,18,26,,21,0
10/30/2018,3496,,,,74F,16,23,22,,21,0
10/30/2018,3623,,,,74F,25,23,32,,27,0
11/04/2018,3629,Proctoring,at ODE,144,74F,23,24,33,,27,1
11/04/2018,3699,Proctoring,at ODE,144,74F,24,25,24,,23,1
11/04/2018,3674,Proctoring,at ODE,144,74F,17,21,21,,21,0
11/04/2018,3679,Proctoring,at ODE,144,74F,31,29,28,,30,0
11/04/2018,3621,Proctoring,at ODE,144,74F,26,27,33,,29,0
11/04/2018,3590,,,,74F,22,31,23,,26,0
11/05/2018,3635,Proctoring,at ODE,144,74F,22,25,20,,23,0
11/05/2018,3567,Proctoring,at ODE,144,74C,26,28,31,,27,0
11/06/2018,3708,,,,74F,23,27,24,,24,0
11/04/2018,3620,Proctoring,at ODE,144,74F,22,23,22,,22,0
04/17/2019,4151,Proctoring,at ODE,144,74F,33,34,23,,29,0
06/18/2019,4047,Proctoring,at ODE,144,74F,31,33,33,,31,0
06/18/2019,4041,Proctoring,at ODE,144,74F,29,34,32,,33,0
06/18/2019,4110,Proctoring,at ODE,144,74F,23,23,24,,23,0
06/18/2019,3928,Proctoring,at ODE,144,74F,22,35,30,,28,0
06/18/2019,3894,Proctoring,at ODE,144,74F,25,23,22,,23,0
06/18/2019,3515,Proctoring,at ODE,144,74F,27,28,32,,28,0
06/18/2019,3511,Leann,Westin,106,June ACT,31,25,33,,29,0
06/19/2019,2834,Proctoring,at ODE,144,74F,26,29,30,,29,1
06/19/2019,4085,Proctoring,at ODE,144,74F,22,17,22,,21,1
06/19/2019,3683,Proctoring,at ODE,144,74C,25,23,21,,23,1
06/21/2019,3926,Erin,Webb,4,June ACT,27,15,20,,20,1
06/21/2019,2306,Erin,Webb,4,June ACT,24,19,25,,23,0
06/21/2019,3719,Erin,Webb,4,June ACT,29,32,27,,29,1
06/25/2019,4231,Proctoring,at ODE,144,74F,27,31,33,,30,0
06/25/2019,4250,Proctoring,at ODE,144,74F,21,27,24,,24,0
06/25/2019,4071,Proctoring,at ODE,144,74F,32,29,32,,30,0
06/25/2019,3777,Proctoring,at ODE,144,A11,21,26,23,,24,0
06/25/2019,2587,Proctoring,at ODE,144,74F,26,33,32,,31,0
06/25/2019,4232,Proctoring,at ODE,144,74F,29,29,30,,29,0
06/25/2019,2142,,,,74F,13,18,18,,17,0
06/25/2019,4248,Proctoring,at ODE,144,74F,28,29,33,,29,0
06/25/2019,3718,Leann,Westin,106,June ACT,31,30,34,,30,0
06/25/2019,4160,Tom,Opp,146,June ACT,34,28,29,,30,0
06/25/2019,3872,Proctoring,at ODE,144,74F,26,30,30,,29,0
06/25/2019,4241,Proctoring,at ODE,144,74F,25,29,21,,25,0
06/25/2019,3871,Proctoring,at ODE,144,74F,26,30,32,,30,0
06/25/2019,3685,Tom,Opp,146,June ACT,34,27,30,,30,0
06/25/2019,3263,Ronna,Berman,139,June ACT,30,26,26,,27,1
06/25/2019,3733,Ronna,Berman,139,June ACT,30,16,27,,24,0
06/25/2019,4131,Proctoring,at ODE,144,74F,26,28,32,,28,1
06/25/2019,4123,Tom,Opp,146,June ACT,33,27,29,,28,0
06/25/2019,4034,,,,June ACT,31,30,30,,30,0
06/25/2019,4215,Proctoring,at ODE,144,74F,32,31,35,,32,0
06/25/2019,2832,Proctoring,at ODE,144,74F,18,22,20,,21,0
06/25/2019,3887,Proctoring,at ODE,144,74F,20,24,21,,22,1
06/25/2019,4255,Proctoring,at ODE,144,74F,27,27,24,,26,1
06/26/2019,3611,Erin,Webb,4,June ACT,24,25,27,,26,0
06/26/2019,3750,Erin,Webb,4,April ACT,36,30,26,,31,0
06/26/2019,3751,Erin,Webb,4,April ACT,34,32,27,,30,0
06/26/2019,3567,Erin,Webb,4,April ACT,34,28,34,,31,0
06/26/2019,3361,Erin,Webb,4,April ACT,36,33,34,,35,0
07/02/2019,4036,Tom,Opp,146,June ACT,26,28,24,,27,0
07/02/2019,4115,Proctoring,at ODE,144,74C,28,24,28,,28,0
07/02/2019,3777,Proctoring,at ODE,144,B05,23,28,19,,23,0
07/02/2019,3984,Proctoring,at ODE,144,A10,30,25,32,,29,0
07/02/2019,4258,Proctoring,at ODE,144,74F,25,27,20,,24,0
07/02/2019,4268,Proctoring,at ODE,144,74F,20,17,22,,20,0
07/02/2019,4164,Proctoring,at ODE,144,74F,31,31,34,,32,0
07/02/2019,4266,Proctoring,at ODE,144,74F,25,33,25,,28,0
07/02/2019,4259,Proctoring,at ODE,144,74F,32,30,32,,31,0
07/02/2019,3752,Don,Lippincott,130,June ACT,20,22,14,,19,0
07/09/2019,4065,Proctoring,at ODE,144,74F,28,28,24,,26,0
07/09/2019,3944,Proctoring,at ODE,144,74F,21,18,24,,21,1
07/09/2019,4256,Proctoring,at ODE,144,74F,22,26,19,,23,0
07/09/2019,4278,Proctoring,at ODE,144,74F,31,26,24,,26,0
07/11/2019,4273,Erin,Webb,4,April 2017,17,20,22,,20,0
07/12/2019,2142,Erin,Webb,4,74C,17,20,16,,17,0
07/16/2019,4124,Don,Lippincott,130,June ACT,35,30,34,,31,0
07/16/2019,3264,Don,Lippincott,130,June ACT,25,24,26,,25,0
07/16/2019,3830,Don,Lippincott,130,June ACT,22,20,19,,21,0
07/16/2019,3833,Leann,Westin,106,June ACT,21,23,22,,22,0
07/17/2019,4234,Proctoring,at ODE,144,74F,24,26,31,,27,0
07/17/2019,4249,Proctoring,at ODE,144,74F,24,28,21,,24,0
07/17/2019,4277,Proctoring,at ODE,144,74F,35,34,36,,34,0
07/17/2019,4317,Proctoring,at ODE,144,74F,20,24,29,,24,0
07/17/2019,4026,Proctoring,at ODE,144,74F,17,17,21,,19,0
07/17/2019,3708,Proctoring,at ODE,144,74C,30,30,26,,27,0
09/05/2019,4097,,,,74F,26,30,34,,31,0
09/26/2019,4199,,,,74F,31,26,31,,28,0
07/17/2019,3948,Erin,Webb,4,June ACT,21,17,29,,23,0
07/18/2019,4084,Proctoring,at ODE,144,74F,23,28,26,,27,1
07/18/2019,4262,Proctoring,at ODE,144,74F,22,21,22,,21,1
07/23/2019,4069,Travis,Minor,12,July ACT,34,31,34,,33,0
07/24/2019,3782,Travis,Minor,12,July ACT,35,36,36,,35,0
07/24/2019,2831,Travis,Minor,12,July ACT,35,34,34,,34,0
07/28/2019,2142,Erin,Webb,4,July ACT,19,20,17,,20,0
07/30/2019,4311,Proctoring,at ODE,144,74F,27,29,33,,31,0
07/30/2019,4305,Proctoring,at ODE,144,74F,31,30,32,,30,0
07/30/2019,4308,Proctoring,at ODE,144,74F,24,27,13,,21,0
07/30/2019,4328,Proctoring,at ODE,144,74F,29,29,33,,31,0
07/30/2019,4331,Proctoring,at ODE,144,74F,24,30,28,,28,0
07/30/2019,3674,Proctoring,at ODE,144,74C,23,25,25,,24,0
07/31/2019,4334,Proctoring,at ODE,144,74f,16,19,24,,20,0
07/31/2019,4336,Proctoring,at ODE,144,74F,21,23,23,,21,0
07/30/2019,4253,Proctoring,at ODE,144,74F,20,30,14,,22,0
07/31/2019,4335,Proctoring,at ODE,144,74F,17,19,17,,19,0
07/31/2019,4240,Proctoring,at ODE,144,74F,22,28,28,,27,0
07/31/2019,4345,Proctoring,at ODE,144,74F,31,24,33,,28,0
07/31/2019,4313,Proctoring,at ODE,144,74F,27,28,34,,29,0
08/06/2019,4353,Proctoring,at ODE,144,74F,9,15,13,,13,1
08/06/2019,4047,Don,Lippincott,130,July ACT,35,35,34,,33,0
08/06/2019,4110,Don,Lippincott,130,July ACT,21,27,23,,24,0
08/06/2019,3538,Don,Lippincott,130,July ACT,31,27,31,,30,0
08/06/2019,4086,Travis,Minor,12,June ACT,21,27,26,,25,0
08/06/2019,4209,Alec,Poitzsch,108,July ACT,35,35,32,,33,0
08/07/2019,4333,Proctoring,at ODE,144,74F,29,27,34,,30,0
08/04/2019,4190,,,,April ACT,22,25,30,,25,0
08/07/2019,4185,Proctoring,at ODE,144,74F,29,35,31,,30,0
08/14/2019,4157,Proctoring,at ODE,144,A10,30,27,33,,31,0
08/14/2019,4356,Proctoring,at ODE,144,74F,22,26,25,,25,0
08/14/2019,4349,Proctoring,at ODE,144,74F,18,30,24,,25,0
08/14/2019,4351,Proctoring,at ODE,144,74F,22,18,22,,20,0
08/14/2019,1966,Proctoring,at ODE,144,74F,23,25,32,,26,0
08/17/2019,3719,Erin,Webb,4,July ACT,34,30,30,,31,1
08/18/2019,4288,Erin,Webb,4,June ACT,22,27,20,,22,0
08/20/2019,4288,Proctoring,at ODE,144,A10,21,24,21,,22,0
08/20/2019,3948,Proctoring,at ODE,144,A10,25,17,23,,23,0
08/20/2019,4273,Proctoring,at ODE,144,A10,23,23,25,,23,0
08/20/2019,3928,Proctoring,at ODE,144,74C,27,34,31,,32,0
08/20/2019,3870,Proctoring,at ODE,144,74F,22,20,18,,20,0
08/20/2019,4264,Proctoring,at ODE,144,74F,27,28,33,,30,0
08/20/2019,3978,Proctoring,at ODE,144,74F,25,29,32,,28,0
08/20/2019,4210,Proctoring,at ODE,144,74F,20,22,24,,22,0
08/20/2019,3502,Proctoring,at ODE,144,B02,25,28,25,,27,1
08/20/2019,3926,Proctoring,at ODE,144,A11,24,15,17,,18,1
08/21/2019,4147,Proctoring,at ODE,144,74F,25,28,35,,30,1
08/26/2019,3906,Travis,Minor,12,July ACT,24,19,21,,22,1
08/26/2019,4089,Travis,Minor,12,July ACT,28,26,36,,29,0
08/27/2019,4055,Proctoring,at ODE,144,74F,22,26,20,,23,0
08/27/2019,4223,Proctoring,at ODE,144,74C,21,28,22,,23,0
08/27/2019,3777,Erin,Webb,4,July ACT,23,28,21,,24,0
08/29/2019,4115,Tom,Opp,146,July ACT,33,26,30,,29,0
08/29/2019,3892,Don,Lippincott,130,April ACT,32,30,30,,30,0
08/29/2019,3923,Tom,Opp,146,June ACT,29,26,19,,26,0
08/29/2019,3764,Tom,Opp,146,April ACT,32,28,22,,28,0
08/29/2019,3890,Tom,Opp,146,April ACT,27,25,24,,26,0
09/03/2019,4358,Proctoring,at ODE,144,74F,19,20,24,,20,0
09/03/2019,1486,Erin,Webb,4,A11,19,24,24,,22.25 --> 22,0
09/03/2019,4248,Proctoring,at ODE,144,74C,35,31,34,,34,0
09/03/2019,4195,Proctoring,at ODE,144,74C,34,21,33,,29,0
09/03/2019,4047,Proctoring,at ODE,144,74H,29,31,31,,29,0
09/03/2019,4044,Proctoring,at ODE,144,A10,29,27,21,,25,0
09/03/2019,4293,Proctoring,at ODE,144,74C,35,29,36,,34,0
09/03/2019,3958,Alec,Poitzsch,108,June ACT,26,26,30,,28,0
09/07/2019,4293,Proctoring,at ODE,144,A10,35,29,35,,33,0
09/07/2019,4071,Proctoring,at ODE,144,74C,35,33,27,,31,0
09/07/2019,3777,Proctoring,at ODE,144,A10,25,27,17,,23,0
09/07/2019,4401,Proctoring,at ODE,144,74F,23,21,24,,23,0
09/07/2019,4424,Proctoring,at ODE,144,74F,24,20,22,,22,0
09/07/2019,3318,Proctoring,at ODE,144,74F,14,20,14,,17,0
09/07/2019,4411,Proctoring,at ODE,144,74F,21,24,24,,23,0
09/07/2019,2554,Proctoring,at ODE,144,74F,27,27,36,,30,0
09/07/2019,4299,Proctoring,at ODE,144,74F,21,32,32,,30,1
09/07/2019,4435,Proctoring,at ODE,144,74F,17,16,22,,18,1
09/09/2019,3932,Mike,Urban,138,June ACT,26,31,33,,30,1
09/10/2019,4433,,,,June ACT,30,24,28,,26,0
09/10/2019,4410,,,,April ACT,26,18,34,,26,0
09/10/2019,4410,,,,July ACT,24,22,21,,23,0
09/11/2019,4044,,,,February ACT,33,25,23,,26,0
09/11/2019,4044,,,,April ACT,36,29,27,,31,0
09/11/2019,4044,,,,June ACT,30,29,28,,29,0
09/11/2019,4195,,,,April ACT,33,18,34,,28,0
09/11/2019,3263,Ronna,Berman,139,July ACT,35,26,32,,31,1
09/17/2019,4364,Proctoring,at ODE,144,74F,31,33,36,,32,0
09/17/2019,4326,Proctoring,at ODE,144,74F,21,20,24,,22,0
09/17/2019,4409,Proctoring,at ODE,144,74F,17,24,21,,22,0
09/17/2019,4414,Proctoring,at ODE,144,74F,22,28,21,,25,0
09/17/2019,4327,Proctoring,at ODE,144,74F,16,19,17,,18,0
09/17/2019,4403,Proctoring,at ODE,144,74F,21,25,21,,24,0
09/17/2019,2766,Proctoring,at ODE,144,74F,31,33,33,,31,1
09/23/2019,3385,Tom,Opp,146,June ACT,33,31,34,,31,0
09/24/2019,4495,Proctoring,at ODE,144,74F,25,29,30,,28,0
09/24/2019,4412,Proctoring,at ODE,144,74F,29,36,35,,34,0
09/24/2019,4408,Proctoring,at ODE,144,74F,31,26,32,,29,0
09/24/2019,4342,,,,June ACT,21,30,23,,25,1
09/24/2019,4436,,,,Unknown,34,31,32,,31,0
09/25/2019,4249,Paul,Chiampa,102,September ACT,30,33,33,,32,1
09/25/2019,3679,Tom,Opp,146,September ACT,36,35,32,,35,0
09/25/2019,4160,Tom,Opp,146,September ACT,35,30,25,,29,0
09/25/2019,4190,Mike,Urban,138,September ACT,30,27,35,,30,0
09/25/2019,3749,Erin,Webb,4,Sept ACT,34,26,24,,27,0
09/26/2019,4199,Don,Lippincott,130,September ACT,34,27,33,,31,0
09/26/2019,4047,Don,Lippincott,130,September ACT,35,34,36,,35,0
09/26/2019,4232,Matt,McNicholas,10,September ACT,35,35,36,,34,0
09/26/2019,4185,Alec,Poitzsch,108,September ACT,33,36,35,,35,0
09/26/2019,4157,Erin,Webb,4,Sept ACT,35,27,34,,31,0
09/26/2019,4086,Travis,Minor,12,September ACT,26,28,20,,26,0
09/29/2019,4273,Erin,Webb,4,Sept ACT,22,23,21,,23,0
09/30/2019,3538,Don,Lippincott,130,September ACT,34,27,29,,28,0
09/30/2019,3890,Tom,Opp,146,September ACT,32,27,30,,29,0
09/30/2019,4223,Tom,Opp,146,September ACT,24,27,21,,24,0
09/30/2019,4313,Matt,McNicholas,10,September ACT,36,35,31,,33,0
09/30/2019,1689,Matt,McNicholas,10,September ACT,33,25,30,,29,0
10/01/2019,4551,Proctoring,at ODE,144,ACT 74F,33,28,31,,29,0
10/01/2019,4106,Proctoring,at ODE,144,74F,25,21,21,,23,0
10/01/2019,4118,Proctoring,at ODE,144,74F,24,29,28,,26,0
10/01/2019,4448,Proctoring,at ODE,144,74F,16,19,14,,17,0
10/01/2019,4512,Proctoring,at ODE,144,74F,23,27,30,,27,0
10/01/2019,4425,Proctoring,at ODE,144,74F,16,25,18,,20,0
10/01/2019,4460,Proctoring,at ODE,144,74F,20,19,18,,18,0
10/01/2019,4202,Matt,McNicholas,10,September ACT,24,19,23,,21,1
10/01/2019,4202,Matt,McNicholas,10,July ACT,15,16,26,,18,1
10/01/2019,3539,Matt,McNicholas,10,February ACT,26,27,33,,28,0
10/01/2019,3539,Matt,McNicholas,10,April ACT,30,26,32,,29,0
10/01/2019,3539,Matt,McNicholas,10,September ACT,32,27,31,,29,0
10/02/2019,4124,Don,Lippincott,130,September ACT,34,29,34,,32,0
10/03/2019,4264,Leann,Westin,106,September ACT,34,31,30,,31,0
10/03/2019,4365,,,,63E,25,24,23,,23,0
10/07/2019,4054,,,,74F,23,26,28,,26,0
10/07/2019,3459,,,,74F,31,26,34,,30,0
10/07/2019,4576,,,,74F,24,29,32,,28,0
10/07/2019,4293,Mike,Urban,138,September ACT,32,30,34,,32,0
10/07/2019,3306,Tom,Opp,146,April ACT,26,30,35,,29,0
10/08/2019,4449,Proctoring,at ODE,144,74F,16,24,17,,21,1
10/08/2019,4315,Proctoring,at ODE,144,74F,16,20,21,,,0
10/08/2019,4314,,,,74F,17,24,25,,22,0
10/08/2019,3631,Proctoring,at ODE,144,74F,18,18,15,,15,0
10/08/2019,4066,Proctoring,at ODE,144,74F,25,27,25,,25,0
10/08/2019,4580,Proctoring,at ODE,144,74F,20,23,26,,23,0
10/08/2019,4579,Proctoring,at ODE,144,74F,25,25,29,,27,0
10/12/2019,3939,Proctoring,at ODE,144,74F,19,25,23,,23,0
10/13/2019,4085,Proctoring,at ODE,144,74C,8,12,16,,12,1
10/13/2019,4457,Proctoring,at ODE,144,74F,26,33,24,,28,0
10/13/2019,4581,Proctoring,at ODE,144,74F,24,31,29,,29,0
10/13/2019,4294,Proctoring,at ODE,144,74F,19,27,22,,24,0
10/13/2019,4126,Proctoring,at ODE,144,74F,22,22,33,,25,1
10/13/2019,4507,Proctoring,at ODE,144,74F,26,27,31,,28,1
10/13/2019,4173,Proctoring,at ODE,144,74F,26,28,35,,31,1
10/13/2019,4342,Proctoring,at ODE,144,74F,25,30,34,,27,1
10/13/2019,4345,Proctoring,at ODE,144,74C,32,29,31,,31,0
10/13/2019,4365,Proctoring,at ODE,144,74C,31,25,19,,25,0
10/13/2019,4317,Proctoring,at ODE,144,74C,26,26,24,,26,0
10/17/2019,3136,Travis,Minor,12,September ACT,25,24,31,,26,0
10/21/2019,3892,Don,Lippincott,130,September ACT,30,30,34,,30,0
10/22/2019,3101,Proctoring,at ODE,144,74F,27,22,32,,27,1
10/22/2019,3546,Proctoring,at ODE,144,74F,24,26,28,,26,1
10/22/2019,4570,Proctoring,at ODE,144,74F,17,26,17,,20,0
10/22/2019,4590,Proctoring,at ODE,144,74F,28,21,30,,25,0
10/22/2019,4594,Proctoring,at ODE,144,74F,15,22,15,,19,0
10/22/2019,4593,Proctoring,at ODE,144,74F,21,26,21,,24,0
10/22/2019,4256,Proctoring,at ODE,144,74C,25,21,20,,23,0
10/22/2019,4433,,,,74C,32,26,28,,29,0
10/22/2019,4606,Proctoring,at ODE,144,74F,24,21,24,,24,0
10/28/2019,3471,Erin,Webb,4,July ACT,32,27,28,,29,0
10/29/2019,4564,Proctoring,at ODE,144,74F,28,30,25,,26,0
10/29/2019,4565,Proctoring,at ODE,144,74F,29,27,32,,28,0
10/29/2019,4303,Proctoring,at ODE,144,74F,26,26,24,,24,0
10/29/2019,4514,Proctoring,at ODE,144,74F,23,23,20,,22,0
10/29/2019,4616,Proctoring,at ODE,144,74F,32,27,32,,30,0
10/29/2019,4607,Proctoring,at ODE,144,74F,28,27,28,,27,0
10/29/2019,4359,Proctoring,at ODE,144,74F,22,27,32,,26,0
10/29/2019,4499,Proctoring,at ODE,144,74F,18,21,20,,21,0
10/29/2019,4560,Proctoring,at ODE,144,74F,25,26,23,,24,0
10/29/2019,4586,Proctoring,at ODE,144,74F,29,26,34,,29,0
10/29/2019,4230,Proctoring,at ODE,144,74F,33,32,35,,33,0
10/29/2019,3530,Proctoring,at ODE,144,74F,23,23,28,,24,1
10/29/2019,3531,Proctoring,at ODE,144,74F,26,22,32,,26,0
11/05/2019,4266,Proctoring,at ODE,144,74C,27,35,27,,30,0
11/05/2019,4092,Proctoring,at ODE,144,74F,13,17,22,,17,0
11/05/2019,4450,Proctoring,at ODE,144,74F,25,26,29,,26,0
11/05/2019,4665,Proctoring,at ODE,144,74F,24,27,20,,23,0
11/05/2019,3588,Proctoring,at ODE,144,74F,12,16,17,,14,0
11/06/2019,3695,,,,74F,22,27,23,,25,0
11/10/2019,3255,Proctoring,at ODE,144,74C,33,30,23,,29,0
11/12/2019,4657,Proctoring,at ODE,144,74F,24,26,30,,26,0
11/12/2019,4481,Proctoring,at ODE,144,74F,16,18,29,,19,0
11/12/2019,4623,Proctoring,at ODE,144,74F,27,26,20,,24,0
11/12/2019,4483,Proctoring,at ODE,144,74F,24,28,36,,30,0
11/12/2019,2074,Proctoring,at ODE,144,74F,26,23,25,,24,0
11/12/2019,4618,Proctoring,at ODE,144,74F,22,29,22,,25,0
11/12/2019,4620,Proctoring,at ODE,144,74F,19,24,18,,20,0
11/12/2019,4619,Proctoring,at ODE,144,74F,20,23,22,,22,0
11/12/2019,4402,Proctoring,at ODE,144,74F,27,26,25,,25,0
11/12/2019,4255,Samantha,Meeker,161,October ACT,35,30,31,,32,1
11/13/2019,4440,Proctoring,at ODE,144,74F,26,28,31,,27,0
11/13/2019,4333,Don,Lippincott,130,October ACT,35,32,36,,34,0
11/13/2019,2111,Matt,McNicholas,10,October ACT,34,34,34,,34,0
11/13/2019,4342,Matt,McNicholas,10,October ACT,25,30,28,,28,0
11/14/2019,3683,Erin,Webb,4,Sept ACT,23,18,16,,18,1
11/14/2019,3683,Erin,Webb,4,Oct ACT,23,17,19,,20,1
07/24/2019,3683,Erin,Webb,4,July ACT,23,18,25,,22,1
11/14/2019,4411,Travis,Minor,12,October ACT,23,29,28,,26,0
11/14/2019,4345,Erin,Webb,4,October ACT,33,24,36,,31,0
11/14/2019,4365,Leann,Westin,106,October ACT,28,27,25,,27,0
11/17/2019,4106,Don,Lippincott,130,October ACT,24,27,24,,25,0
11/17/2019,3538,Don,Lippincott,130,October ACT,35,30,31,,31,0
11/19/2019,4598,Proctoring,at ODE,144,74F,29,32,32,,30,0
11/19/2019,4682,Proctoring,at ODE,144,74F,24,28,28,,26,0
11/24/2019,4613,Proctoring,at ODE,144,74F,23,31,22,,26,0
05/29/2019,4156,Proctoring,at ODE,144,74F,27,35,22,,29,0
11/23/2019,4156,Proctoring,at ODE,144,A10,27,35,25,,30,0
11/23/2019,4266,Proctoring,at ODE,144,A10,26,35,29,,30,0
11/23/2019,4364,Proctoring,at ODE,144,74C,36,34,35,,35,0
11/24/2019,4408,Proctoring,at ODE,144,74C,27,29,29,,27,0
11/24/2019,4305,Proctoring,at ODE,144,74C,32,31,33,,32,0
11/24/2019,4684,Proctoring,at ODE,144,74F,35,31,34,,32,0
11/24/2019,4687,Proctoring,at ODE,144,74F,28,27,32,,29,0
11/24/2019,4568,Proctoring,at ODE,144,74F,27,30,29,,28,0
11/24/2019,4608,Proctoring,at ODE,144,74F,31,31,32,,31,0
11/24/2019,4572,Proctoring,at ODE,144,74F,22,18,17,,19,0
11/24/2019,4192,Leann,Westin,106,October ACT,26,23,31,,28,1
11/26/2019,3932,Mike,Urban,138,October ACT,27,33,33,,32,1
11/26/2019,3944,Jake,Solomon,147,October ACT,21,22,22,,22,1
11/26/2019,4248,Matt,McNicholas,10,October ACT,36,33,35,,34,0
12/01/2019,4715,Proctoring,at ODE,144,74F,29,31,29,,29,0
12/01/2019,3506,Proctoring,at ODE,144,74F,25,26,18,,23,0
12/04/2019,4587,Proctoring,at ODE,144,74F,28,30,24,,27,0
12/04/2019,4493,Proctoring,at ODE,144,74F,26,26,21,,26,0
12/04/2019,4678,Proctoring,at ODE,144,74F,23,27,20,,23,0
12/04/2019,4480,Proctoring,at ODE,144,74F,20,18,16,,19,0
12/04/2019,3530,Proctoring,at ODE,144,74C,30,24,32,,28,0
12/04/2019,3531,Proctoring,at ODE,144,74C,32,23,28,,27,0
12/04/2019,4675,Proctoring,at ODE,144,74F,32,29,34,,32,1
12/04/2019,3887,Proctoring,at ODE,144,74C,20,26,21,,23,1
12/04/2019,4679,Proctoring,at ODE,144,74F,16,18,20,,18,1
12/04/2019,4512,Proctoring,at ODE,144,74C,29,29,31,,30,0
12/05/2019,3759,Mike,Urban,138,June ACT,23,29,32,,28,0
12/05/2019,3883,Mike,Urban,138,June ACT,25,28,28,,28,0
12/05/2019,3449,Mike,Urban,138,June ACT,35,28,32,,32,0
12/05/2019,4042,Mike,Urban,138,June ACT,32,30,29,,29,0